{
  "channelID": "OHB",
  "channelCountryCode": "HK",
  "channelGroupMember": "HBAP",
  "channelClientId": "",
  "channelOperationUnit": "001",
  "channelBusinessLine": "PFS",
  "channelAppID": "RIS",
  "staffID": "20890042",
  "staffName": null,
  "leadId": "",
  "customerID": null,
  "customerCountryCode": "HK",
  "customerGroupMember": "HBAP",
  "customerBusinessLine": "PFS",
  "customerType": "CUSTOMER",
  "customerRolePlayerID": "",
  "customerSegment": "P",
  "customerFullName": "MR+CHAN+TAI+MAN",
  "customerOperationUnit": "",
  "customerRoleID": "",
  "userLegacyID": "20890042",
  "userLegacyDeviceID": "",
  "userId": "20890042",
  "userDeviceID": "",
  "sessionID": "2cf7f059-1658-4035-8fa7-6b2234b3464f",
  "localeLanguage": "en",
  "localeCountry": "US",
  "locale": "en_US",
  "timezone": "Asia/Hong_Kong",
  "readOnlyMode": "",
  "pageId": [
    "accounttaxlotbreakdown",
    "accountview",
    "analyseandcompare",
    "assetallocation",
    "cashtransactionhistory",
    "currentholdings",
    "editbookcost",
    "education",
    "goalassetallocation",
    "goalenabler",
    "goalholdings",
    "goalprojection",
    "homepage",
    "marketnews",
    "myportfolio",
    "realisedgainloss",
    "regions",
    "rrspaccountbreakdown",
    "sectors",
    "taxlot",
    "trackingtools",
    "transactionhistory",
    "transations",
    "orderstatus",
    "performancechart",
    "producttype",
    "watchlist",
    "familyview",
    "fxTransactionHistory"
  ],
  "pageHash": {
    "accounttaxlotbreakdown": 1,
    "accountview": 1,
    "analyseandcompare": 1,
    "assetallocation": 1,
    "cashtransactionhistory": 1,
    "currentholdings": 1,
    "editbookcost": 1,
    "education": 1,
    "goalassetallocation": 1,
    "goalenabler": 1,
    "goalholdings": 1,
    "goalprojection": 1,
    "homepage": 1,
    "marketnews": 1,
    "myportfolio": 1,
    "realisedgainloss": 1,
    "regions": 1,
    "rrspaccountbreakdown": 1,
    "sectors": 1,
    "taxlot": 1,
    "trackingtools": 1,
    "transactionhistory": 1,
    "transations": 1,
    "orderstatus": 1,
    "performancechart": 1,
    "producttype": 1,
    "watchlist": 1,
    "familyview": 1,
    "fxTransactionHistory": 1
  },
  "staffLaunch": "true",
  "webpack": "normal",
  "v": "0.0.4-SNAPSHOT",
  "serviceMode": "online",
  "useCore": "false",
  "targetFunction": "currentholdings",
  "targetLinkItem": "",
  "targetLinkSubItem": "",
  "gatewayDomain": "",
  "xsrftoken": "",
  "reauthenticationUrl": "https://wealth-dashboard.wealth-platform-amh.uat.aws.cloud.hsbc/group-wd-gateway-war/gateway/OHB/HK/HBAP/PFS/currentholdings/LogonAuthentication?locale=en_US",
  "useCoreConfig": false
}