{
  "MAX_BACK_DATE_MONTHS": 36,
  "BACK_DATE_DAYS": 1095,
  "PRIMARY_LOCALE": "en_GB",
  "SECONDARY_LOCALE": "zh_TW",
  "CURRENT_YEAR_FROM_DATE": "1-Jan",
  "CURRENT_TAX_YEAR_FROM_DATE": "1-Apr",
  "PREV_TAX_YEAR_FROM_DATE": "1-Apr",
  "PREV_TAX_YEAR_TO_DATE": "31-Mar",
  "DEFAULT_DATE_FILTER_SELECTION": "Last_3_Year",
  "DEFAULT_DATE_FILTER_SELECTION_PASTHOLDINGS": "Last_3_Year",
  "EBABLE_GAIN_LOSS_CHART": false,
  "MAX_CHART_DATE_RANGE": 24,
  "GAINLOSS_BAR_COLOR": "#78C0C0",
  "INCOME_BAR_COLOR": "#A8E0D8",
  "SELECTED_SLIDER_BACKGROUND_COLOR": "#B8E0E0",
  "NUM_OF_PER_REC": 20,
  "NUM_REC_DISPLAY": 5,
  "TAX_LOTS_SUPPORTED": true,
  "ORDER_PENDING_TRADE": "PDDL,PDCP,PDAM,PDCN",
  "ORDER_COMPLETED": "FLEX,PTEX,PTCN",
  "ORDER_CANCELLED_EXPIRED": "UNEX,FLCN,REJC",
  "IDS_DISPLAY_TIME_ZONE": "GMT",
  "ENABLE_CASH_ACCOUNTS": true,
  "ENABLE_CASH_ACCOUNTS_PASTHOLDING": false,
  "gainCssClass": "increase",
  "lossCssClass": "decrease",
  "en_US": "EN",
  "zh_TW": "CH",
  "MONTHS_AGO_SELECTED": 24,
  "DEFAULT_CURRENCY_TOGGLE": "settledCurrency",
  "DEFAULT_CURRENCY_TOGGLE_PASHHOLDINGS": "denominatedCurrency",
  "DEFAULT_CURRENCY_TOGGLE_ACCOUNTVIEW": "denominatedCurrency",
  "percent_decimal_place": 2,
  "rate_decimal_place": 4,
  "SUPPORTED_ORDER_TYPE_LIST": "MARKET,LIMIT_OR_AUCTION,STOP_LOSS,TWO_WAY_LIMIT,TARGET_BUY_SELL,ORDER_UNIT_ONLY,ORDER_AMOUNT_ONLY",
  "MARKET": "M",
  "LIMIT_OR_AUCTION": "A,L,I",
  "STOP_LOSS": "T",
  "TWO_WAY_LIMIT": "W",
  "TARGET_BUY_SELL": "X",
  "ORDER_UNIT_ONLY": "C,R,U",
  "ORDER_AMOUNT_ONLY": "O,S,N",
  "ACT_GROUP_TYPE": "TAXSTATUS",
  "ACT_DROP_DOWN_LIST": "FULLYTAXED,TAXEXEMPTED,TAXDEFERRED,OTHER",
  "ACT_TYPE_DROP_DOWN_LIST": "INVT_ACT,CASH_ACT",
  "PROD_TYPE_DROP_DOWN_LIST": "NON_CASH,NON_INVESTMENT,NON_OTHER_LIQ_AST,NON_RESIDENTIAL_PRO,NON_INVESTMENT_PRO,NON_CPF_ORIDINARY,NON_OTHER_NON_LIQ_AS,OTHERS",
  "LIABILITY_DROP_DOWN_LIST": "NON_PERSON_LOAN,NON_OTHER_SHORT_LIA,NON_MORTGAGE,NON_OTHER_LONG_LIA,NON_OTHER_PER_LOAD",
  "DEFAULT_LIABILITY_SUB_DROP_DOWN_LIST": "S,R,B,H,E,A,P",
  "NON_PERSON_LOAN_SUB_DROP_DOWN_LIST": "S,R,B",
  "NON_OTHER_SHORT_LIA_SUB_DROP_DOWN_LIST": "r",
  "NON_MORTGAGE_SUB_DROP_DOWN_LIST": "b",
  "RESIDENTIAL_DROP_DOWN_LIST": "RESIDENTIAL,NON_RESIDENTIAL",
  "PROTECTION_DROP_DOWN_LIST": "PP,AP,TL",
  "SOLE_JOINT_DOWN_LIST": "SOLE,JOINT",
  "LOCAL_CCY_CODE": "HKD",
  "Enable_Edit_Book_Cost_Flag": true,
  "Allow_Edit_Book_Cost": false,
  "No_Edit_Book_Cost_List": "DPS,SID",
  "alternativeCodeAdaptor": true,
  "alternativeCodeAdaptor_splitor": "#",
  "Edit_Book_Cost_Remark_Reason_List": "A,B,E",
  "Edit_Book_Cost_Remark_Reason_Default": "",
  "Edit_Book_Cost_Remark_Other_Reason": "E",
  "IGNORE_BOOK_COST_SUSPECT_FLAG": false,
  "To_Performance_trsubject": "{0}{1}=X",
  "To_Performance_hsbcsubject": "{0} > {1}",
  "To_Performance_template": "FX",
  "To_Performance_shortDesc_Fx": "Price of {0} in {1}",
  "To_Performance_longDesc_Fx": "Price of {0} in {1}",
  "ENTITY_MarketCriteria_groupMemberRecordCode": "Y",
  "VALUE_MarketCriteria_groupMemberRecordCode": "HBAP",
  "AJAX_TIME_OUT": 60000,
  "PRODUCT_NAME_VALIDATION_PATTERN": "[^\"$&*+/:;<",
  "ERROR_REASONCODE_LIST": "WDS5000",
  "WARNLOGERROR_REASONCODE_LIST": "ALL",
  "ENABLE_PRODUCT_OVERLAY_FOR_FX": true,
  "GF_SUPPRESS_REASONCODE": "All",
  "GT_SUPPRESS_REASONCODE": "WDS3020,WDS3021",
  "Check_Lead_ID": "Y",
  "UNCLAIM_REASONCODE": "WDS3021",
  "Supported_RealTime_Quote_FE_Product_Types": "",
  "ProductDetail_Overlay_Load_RealTime_FE_Product_Types": "",
  "ACCT_CCY_FLAG": false,
  "hide_bookcost_supsect_msg": false,
  "RESIDENTIAL": "000,010,011,020,021,022,023,024,025,026,027,028,029,030,031,032,033,034,035,040,041,042,043,044,045,050,052,060,061,070,071,072,080,090,100,110,120,130,150,151,160,161,170,171,175,176,180,190,500,990",
  "NON_RESIDENTIAL": "140,141,145",
  "SHOW_POLICY_DETAIL_ACCOUNTTYPES": "PHS,PHZ,SV5,XA0,XA1,XA2,XA4,XA5,XA7,XA8,XA9,XAJ,XAO,XAP,XB1,XB3,XB4,XB5,XB6,XB7,XB8,XB9,XC1,XC5,XC6,XC8,XED,XEE,,XEF,XEG,XEH,XEI,XEJ,XEK,YA0,YA1,YA2,YA4,YA5,YA7,YA8,YA9,YAA,YAB,YAD,YAE,YAG,YAH,YAI,YAK,YAL,YAM,YAN,YAO,YAQ,YAR,YAS,YAT,YAU,YAV,YAX,YAZ,YB4,YB5,YB6,YB7,YB8,YB9,YBA,YBB,YBC,YBD,YBE,YBF,YBG,YBH,YBI,YBJ,YBK,YBL,YBM,YBN,YBO,YBP,YBQ,YBR,YBT,YBU,YC0,YC1,YC2,YC3,YC4,YC5,YC6,YC7,YC8,YC9,YD0,YD1,YD2,YD3,YD4,YD5,YD6,YD7,YD8,YD9,YE0,YE1,YE2,YE3,YE4,YE5,YE6,YE7,YE8,YE9,YF1,YF3,XA3,XA6,XAA,XAB,XAC,XAD,XAE,XAF,XAG,XAI,XAK,XAL,XAM,XAN,XAQ,XAR,XAS,XAU,XAV,XAW,XAX,XAZ,XB0,XB2,XBA,XBB,XBK,XBL,XBM,XBN,XBQ,XBR,XBS,XC0,XC2,XC3,XC4,XC9,XD1,XD2,YA3,YA6,YAF,YAJ,YB0,YB1,YB2,YB3,YBV,YBW,YBX,YBY,YBZ,YF0,YF6,YF7,YF8,YF9,YF2,YG0,YG1",
  "TERM_SPECIAL_VALUE_HANDLING": "",
  "HOLDING_GROUPING_MODE": "ASSETTYPE",
  "HOLDING_GROUPING_MODE_DISCRETIONARY": "ASSETTYPE",
  "NOT_TRADABLE_PRODUCTS": "",
  "NOT_RELATED_NEWS_PRODUCTS": "SEC|OFF_SEC,UT|OFF_UT,BOND|OFF_BOND",
  "SUB_TABS": "",
  "SUPPORT_ACCOUNT_LIST": false,
  "DEFAULT_ACTIVE_TAB_NAME": "ADVISED",
  "SQCHECKER_GROUPS": "BR_SQ_Checker",
  "Not_Supported_Quote_FE_Product_Types": "CASH,LCYDEP,FCYDEP,SEC,OPTS,BOND,ELI,ELN,SN,DPS,SID,ETF,COMMODITIES,UT",
  "DELISTED_PRODUCT_STATUS_CODE": "D,E,T",
  "SHOW_DELISTED_PRODUCT_WARNING_MSG": false,
  "ALLOW_TRADE_INVST_ACCT_TYPE": "RA0_APRA0,RB0_APRB0",
  "cookie_domain": ".hk.hsbc",
  "max_url_length_for_get_method": 2048,
  "OUT_OF_SERVICE": false,
  "ACCOUNT_ENGSTYLE_OPTIONS": "EXO,OFA,OGA,DGA,PAS,GUD,ALL",
  "DEFAULT_ACCOUNT_ENGSTYLE": "ALL"
}
