{
  "common_totalassets_field": false,
  "common_totalTransitValue_field": true,
  "common_totalmargin_field": true,
  "common_srdindicator_field": true,
  "total_assets_and_liabilities_field": true,
  "total_liabilities_field": true,
  "fund_rateOfReturn_field": true,
  "fund_hsbcWorldFundService": false,
  "fund_lastMonthTopPerform": false,
  "fund_bestSeller": false,
  "fund_editAlert_button": true,
  "fund_current_viewFundDetailBreak_link": true,
  "fund_current_viewTxn_link": false,
  "fund_current_taxLot_link": true,
  "fund_current_accountBreakdown_link": false,
  "fund_current_viewOrderDetail_link": true,
  "fund_current_buy_button": true,
  "fund_current_sell_button": true,
  "fund_current_switch_button": true,
  "fund_current_trade_button": true,
  "fund_current_regularSavingPlan_button": true,
  "fund_current_cancel_button": false,
  "fund_current_modify_button": true,
  "fund_current_executed_date": false,
  "fund_current_settled_date": false,
  "fund_risk_level_field": false,
  "fund_edit_bookcost": false,
  "fund_incomeSincePurchase_field": false,
  "equities_viewTxn_link": false,
  "equities_regularSavingPlan_button": true,
  "equities_rateOfReturn_field": false,
  "equities_editAlert_button": true,
  "equities_viewDetail_link": true,
  "equities_current_viewTaxLot_link": true,
  "equities_current_accountBreakdown_link": false,
  "equities_current_viewOrderDetail_link": false,
  "equities_current_buy_button": false,
  "equities_current_sell_button": false,
  "equities_current_trade_button": true,
  "equities_current_regularSavingPlan_button": true,
  "equities_current_cancel_button": false,
  "equities_current_modify_button": false,
  "equiteis_reference_num": false,
  "equities_replace_on": false,
  "equities_expiryDate_field": false,
  "equities_current_executed_date": false,
  "equities_net_amount": true,
  "equities_edit_bookcost": false,
  "gdr_viewDetail_link": true,
  "reit_viewDetail_link": true,
  "sn_current_linkTo_field": false,
  "sn_view_sn_details_link": true,
  "sn_edit_alert_link": true,
  "sn_actions_buttons": false,
  "sn_current_viewTxn_link": false,
  "sn_current_taxLot_link": true,
  "sn_current_accountBreakdown_link": false,
  "sn_current_placeAnotherSN_button": true,
  "sn_current_sell_button": true,
  "sn_current_priceAtDate_field": false,
  "sn_pro_code": false,
  "sn_edit_bookcost": false,
  "sn_view_orderDetail_link": true,
  "sn_classification": false,
  "current_currencyToggle_button": false,
  "current_bookCost_column": false,
  "current_unRealisedGainLoss_column": false,
  "current_unRealisedGainLoss_include_income_column": true,
  "cur_account_num": false,
  "bond_rateOfReturn_field": true,
  "bond_current_accruedInterest_field": false,
  "bond_current_viewTxn_link": false,
  "bond_current_viewTaxLot_link": true,
  "bond_current_viewAccountBreakdown_link": false,
  "bond_current_buy_button": true,
  "bond_current_sell_button": true,
  "bond_current_cancel_button": true,
  "bond_current_trade_button": true,
  "bond_code_field": false,
  "bond_edit_bookcost": false,
  "bond_current_viewDetail": true,
  "bond_man_alert_link": true,
  "bond_view_orderDetail_link": true,
  "bond_incomeSincePurchase_field": false,
  "fcy_deposit_number": true,
  "fcy_start_exchange_rate": true,
  "fcy_spot_rate": true,
  "fcy_exchange_gain_loss": true,
  "fcy_bookcost_in_base_currency": true,
  "fcy_current_viewTxn_link": true,
  "fcy_deposit_link": true,
  "fcy_current_makeTransfer_button": true,
  "fcy_current_placeAnotherDeposit_button": true,
  "fcy_man_link": true,
  "fcy_current_instruction_field": false,
  "lcy_deposit_number": true,
  "lcy_current_viewTxn_link": true,
  "lcy_deposit_link": true,
  "lcy_current_makeTransfer_button": true,
  "lcy_current_placeAnotherDeposit_button": true,
  "lcy_man_link": true,
  "lcy_current_instruction_field": false,
  "dcd_current_viewTxn_link": true,
  "dcd_current_accountBreakdown_link": true,
  "dcd_current_viewDepositDetails_link": true,
  "dcd_current_placeAnotherDeposit_button": true,
  "dcd_priceAtDate_field": false,
  "dcd_edit_alert_link": true,
  "dcd_actions_buttons": false,
  "dcd_actions_rollover_button": true,
  "dcd_deposit_num": false,
  "dcd_deposit_ccy": false,
  "dcd_interest_rate": false,
  "dcd_strike_price": false,
  "dcd_break_even_rate": false,
  "dcd_spot_exchange_rate": false,
  "dcd_fixing_date": false,
  "dcd_edit_bookcost": false,
  "dcd_classification": false,
  "eli_current_viewTxn_link": true,
  "eli_current_accountBreakdown_link": true,
  "eli_current_placeAnotherELI_button": true,
  "eli_current_sell_button": true,
  "eli_current_priceAtDate_field": false,
  "eli_current_taxLot_link": true,
  "eli_view_eli_details_link": true,
  "eli_edit_alert_link": true,
  "eli_actions_buttons": false,
  "eli_pro_code": false,
  "eli_divided_Rate": false,
  "eli_call_date": false,
  "eli_knock_in_date": false,
  "eli_instrument_Underlying_Code": false,
  "eli_market_price": false,
  "eli_strike_price": false,
  "eli_call_price": false,
  "eli_knock_in_price": false,
  "eli_edit_bookcost": false,
  "eli_view_orderDetail_link": true,
  "eli_classification": false,
  "eln_current_linkTo_field": false,
  "eln_current_viewTxn_link": false,
  "eln_current_taxLot_link": true,
  "eln_current_accountBreakdown_link": false,
  "eln_current_placeAnotherELN_button": true,
  "eln_current_sell_button": true,
  "eln_current_priceAtDate_field": false,
  "eln_view_eln_details_link": true,
  "eln_edit_alert_link": true,
  "eln_actions_buttons": false,
  "eln_pro_code": false,
  "eln_edit_bookcost": false,
  "eln_view_orderDetail_link": false,
  "eln_classification": false,
  "sid_current_linkTo_field": false,
  "sid_current_viewTxn_link": true,
  "sid_current_placeAnotherDeposit_button": true,
  "sid_current_sell_button": true,
  "sid_current_priceAtDate_field": false,
  "sid_view_sid_details_link": true,
  "sid_edit_alert_link": true,
  "sid_actions_buttons": false,
  "sid_deposit_num": false,
  "sid_minimum_yield": false,
  "sid_potential_yield": false,
  "sid_edit_bookcost": false,
  "sid_classification": false,
  "sid_current_accountBreakdown_link": true,
  "ins_policyvalue_clmn": false,
  "ins_premiumpaidtodate_clmn": false,
  "ins_guaranteedvalue_clmn": false,
  "ins_suminsured_clmn": false,
  "ins_lastblank_clmn": true,
  "wlprot_ins_price_as_date": false,
  "wlprot_ins_policy_number": false,
  "wlprot_ins_policy_type": false,
  "wlprot_ins_person_insured": false,
  "wlprot_ins_effective_date": false,
  "wlprot_ins_policy_end_date": false,
  "wlprot_ins_premium_mount": false,
  "wlprot_ins_dividend_option": false,
  "wlprot_ins_income": false,
  "wlprot_ins_guaranteed_value_to_date": false,
  "wlprot_ins_policy_term_text": true,
  "wlprot_ins_deferred_periods": true,
  "wlprot_ins_deferred_amount": true,
  "wlprot_ins_2nd_deferred_periods": true,
  "wlprot_ins_2nd_deferred_amount": true,
  "wlprot_ins_in_trust": true,
  "wlprot_ins_view_policy_detail_link": true,
  "wlprot_ins_manage_alert_link": true,
  "wlprot_ins_view_txn_history_link": true,
  "wlprot_ins_amend_policy_botton": true,
  "annuity_ins_price_as_date": false,
  "annuity_ins_policy_number": false,
  "annuity_ins_policy_type": false,
  "annuity_ins_person_insured": false,
  "annuity_ins_effective_date": false,
  "annuity_ins_policy_end_date": false,
  "annuity_ins_premium_mount": false,
  "annuity_ins_dividend_option": false,
  "annuity_ins_income": false,
  "annuity_ins_payment": false,
  "annuity_ins_annuity_option": false,
  "annuity_ins_guaranteed_value_to_date": false,
  "annuity_ins_policy_term_text": true,
  "annuity_ins_deferred_periods": true,
  "annuity_ins_deferred_amount": true,
  "annuity_ins_2nd_deferred_periods": true,
  "annuity_ins_2nd_deferred_amount": true,
  "annuity_ins_in_trust": true,
  "annuity_ins_view_policy_detail_link": true,
  "annuity_ins_manage_alert_link": true,
  "annuity_ins_view_txn_history_link": true,
  "annuity_ins_amend_policy_botton": true,
  "termlife_ins_price_as_date": false,
  "termlife_ins_policy_number": false,
  "termlife_ins_policy_type": false,
  "termlife_ins_person_insured": false,
  "termlife_ins_effective_date": false,
  "termlife_ins_policy_end_date": false,
  "termlife_ins_premium_mount": false,
  "termlife_ins_policy_term_text": true,
  "termlife_ins_deferred_periods": true,
  "termlife_ins_deferred_amount": true,
  "termlife_ins_2nd_deferred_periods": true,
  "termlife_ins_2nd_deferred_amount": true,
  "termlife_ins_in_trust": true,
  "termlife_ins_view_policy_detail_link": true,
  "termlife_ins_manage_alert_link": true,
  "termlife_ins_view_txn_history_link": true,
  "termlife_ins_amend_policy_botton": true,
  "ins_investment_view_policy_detail_link": true,
  "ins_investment_manage_alert_link": true,
  "ins_investment_view_txn_history_link": true,
  "ins_investment_view_fund_Perfmance_link": true,
  "ins_investment_switch_button": true,
  "ins_investment_change_fund_allocation_botton": true,
  "ins_investment_make_Payment_button": true,
  "ins_investment_withdraw_button": true,
  "ins_investment_amend_policy_botton": true,
  "ins_investment_classification": false,
  "etf_view_orderDetail_link": false,
  "etf_rateOfReturn_field": false,
  "etf_viewDetail_link": false,
  "etf_viewTxn_link": false,
  "etf_buy_button": true,
  "etf_Alert_link": true,
  "etf_current_accountBreakdown_link": false,
  "etf_current_viewTaxLot_link": true,
  "etf_current_sell_button": true,
  "etf_current_trade_button": true,
  "etf_current_regularSavingPlan_button": false,
  "etf_current_cancel_button": false,
  "etf_current_modify_button": false,
  "etf_expiryDate_field": false,
  "etf_current_executed_date": false,
  "etf_net_amount": true,
  "etf_edit_bookcost": false,
  "adr_rateOfReturn_field": false,
  "adr_viewDetail_link": false,
  "adr_viewTxn_link": false,
  "adr_buy_button": true,
  "adr_Alert_link": true,
  "adr_vieworeder_detail_link": false,
  "adr_current_accountBreakdown_link": false,
  "adr_current_viewTaxLot_link": true,
  "adr_current_sell_button": true,
  "adr_current_regularSavingPlan_button": false,
  "adr_current_cancel_button": false,
  "adr_current_modify_button": false,
  "adr_expiryDate_field": false,
  "adr_current_executed_date": false,
  "adr_net_amount": true,
  "adr_edit_bookcost": false,
  "cbbc_rateOfReturn_field": false,
  "cbbc_viewDetail_link": false,
  "cbbc_viewTxn_link": false,
  "cbbc_buy_button": true,
  "cbbc_Alert_link": true,
  "cbbc_view_orderDetail_link": false,
  "cbbc_current_accountBreakdown_link": false,
  "cbbc_current_viewTaxLot_link": true,
  "cbbc_current_sell_button": true,
  "cbbc_current_regularSavingPlan_button": false,
  "cbbc_current_cancel_button": false,
  "cbbc_current_modify_button": false,
  "cbbc_expiryDate_field": false,
  "cbbc_current_executed_date": false,
  "cbbc_net_amount": true,
  "cbbc_edit_bookcost": false,
  "commodities_rateOfReturn_field": false,
  "commodities_viewDetail_link": false,
  "commodities_viewTxn_link": false,
  "commodities_buy_button": true,
  "commodities_Alert_link": true,
  "commodities_current_accountBreakdown_link": false,
  "commodities_current_viewTaxLot_link": true,
  "commodities_current_sell_button": true,
  "commodities_current_regularSavingPlan_button": false,
  "commodities_current_cancel_button": false,
  "commodities_current_modify_button": false,
  "commodities_expiryDate_field": false,
  "commodities_current_executed_date": false,
  "commodities_net_amount": true,
  "commodities_edit_bookcost": false,
  "commodities_view_orderDetail_link": false,
  "map_rateOfReturn_field": false,
  "map_viewDetail_link": false,
  "map_viewTxn_link": false,
  "map_buy_button": true,
  "map_Alert_link": true,
  "map_current_accountBreakdown_link": false,
  "map_current_viewTaxLot_link": true,
  "map_current_sell_button": true,
  "map_current_regularSavingPlan_button": false,
  "map_current_cancel_button": false,
  "map_current_modify_button": false,
  "map_expiryDate_field": false,
  "map_current_executed_date": false,
  "map_net_amount": true,
  "map_edit_bookcost": false,
  "map_view_orderDetail_link": false,
  "options_rateOfReturn_field": false,
  "options_viewDetail_link": false,
  "options_viewTxn_link": false,
  "options_buy_button": true,
  "options_Alert_link": true,
  "options_current_accountBreakdown_link": false,
  "options_current_viewTaxLot_link": true,
  "options_current_sell_button": true,
  "options_current_trade_button": true,
  "options_current_regularSavingPlan_button": false,
  "options_current_cancel_button": false,
  "options_current_modify_button": false,
  "options_expiryDate_field": false,
  "options_current_executed_date": false,
  "options_net_amount": true,
  "options_edit_bookcost": false,
  "options_view_orderDetail_link": false,
  "warrants_rateOfReturn_field": false,
  "warrants_viewDetail_link": false,
  "warrants_viewTxn_link": false,
  "warrants_buy_button": true,
  "warrants_Alert_link": true,
  "warrants_current_accountBreakdown_link": false,
  "warrants_current_viewTaxLot_link": true,
  "warrants_current_sell_button": true,
  "warrants_current_regularSavingPlan_button": false,
  "warrants_current_cancel_button": false,
  "warrants_current_modify_button": false,
  "warrants_expiryDate_field": false,
  "warrants_current_executed_date": false,
  "warrants_net_amount": true,
  "warrants_edit_bookcost": false,
  "warrants_view_orderDetail_link": false,
  "maintain_other_asset_function": false,
  "other_asset_add_button": false,
  "other_liability_add_button": true,
  "other_bond_action_section": false,
  "other_fund_action_section": false,
  "other_equities_action_section": false,
  "other_alt_action_section": false,
  "add_other_asset_other_productName": false,
  "add_other_asset_other_marketValue": false,
  "add_other_asset_other_note": false,
  "add_other_asset_other_accountType": true,
  "add_other_asset_other_taxStatus": true,
  "add_other_asset_other_provider": false,
  "add_other_asset_other_productType": false,
  "add_other_asset_other_cancel_button": false,
  "add_other_asset_other_submit_button": false,
  "add_other_asset_product_search": false,
  "add_other_asset_product_numOfUint": false,
  "add_other_asset_product_book_cost": false,
  "add_other_asset_product_book_cost_local": false,
  "add_other_asset_product_note": false,
  "add_other_asset_product_accoutType": true,
  "add_other_asset_product_taxStatus": true,
  "add_other_asset_product_monthly_inv_amt": false,
  "add_other_asset_product_cancel_button": false,
  "add_other_asset_product_submit_button": false,
  "edit_other_asset_other_productName": false,
  "edit_other_asset_other_productType": false,
  "edit_other_asset_other_accoutType": false,
  "edit_other_asset_other_provider": false,
  "edit_other_asset_other_marketValue": false,
  "edit_other_asset_other_note": false,
  "edit_other_asset_other_accountType": true,
  "edit_other_asset_other_taxStatus": true,
  "edit_other_asset_other_cancel_button": false,
  "edit_other_asset_other_submit_button": false,
  "edit_other_asset_product_product_code": false,
  "edit_other_asset_product_numOfUint": false,
  "edit_other_asset_product_book_cost": false,
  "edit_other_asset_product_book_cost_local": false,
  "edit_other_asset_product_note": false,
  "edit_other_asset_product_accoutType": true,
  "edit_other_asset_product_mon_invt_amt": false,
  "edit_other_asset_product_taxStatus": true,
  "edit_other_asset_product_cancel_button": false,
  "edit_other_asset_product_submit_button": false,
  "other_alt_taxstatus": true,
  "other_bond_taxstatus": true,
  "other_fund_taxstatus": true,
  "other_others_taxstatus": true,
  "other_sec_taxstatus": true,
  "UT_holding_desc_omitted": false,
  "BOND_holding_desc_omitted": false,
  "SI_holding_desc_omitted": false,
  "SEC_holding_desc_omitted": false,
  "ELI_holding_desc_omitted": false,
  "ELN_holding_desc_omitted": false,
  "SN_holding_desc_omitted": false,
  "SID_holding_desc_omitted": false,
  "DPS_holding_desc_omitted": false,
  "ETF_holding_desc_omitted": false,
  "WRTS_holding_desc_omitted": false,
  "OPTS_holding_desc_omitted": false,
  "COMMODITIES_holding_desc_omitted": false,
  "MAP_holding_desc_omitted": false,
  "LCBB_holding_desc_omitted": false,
  "ADR_holding_desc_omitted": false,
  "OTHERS_holding_desc_omitted": true,
  "EURO_holding_desc_omitted": false,
  "AGGREGATED_holding_desc_omitted": false,
  "UWCASH_holding_desc_omitted": false,
  "MDCASH_holding_desc_omitted": false,
  "INVTINSUR_holding_desc_omitted": true,
  "disable_book_cost_btn": true,
  "misc_priceAtDate_field": false,
  "misc_classification": false,
  "crad_summary_header_field": false,
  "loan_summary_header_field": false,
  "loan_outstandingbal_field": false,
  "loan_interestrate_field": false,
  "loan_nextpaymentamt_field": false,
  "loan_nextpaymentdate_field": false,
  "loan_subtype_field": false,
  "loan_startdate_field": false,
  "loan_terms_field": false,
  "loan_residentialtype_field": false,
  "loan_amount_borrowed_field": false,
  "loan_end_date_field": false,
  "loan_payment_frequency_field": false,
  "loan_outstanding_capital_field": false,
  "mortgage_summary_header_field": false,
  "mortgage_outstandingbal_field": false,
  "mortgage_interestrate_field": false,
  "mortgage_nextpaymentamt_field": false,
  "mortgage_nextpaymentdate_field": false,
  "mortgage_subtype_field": false,
  "mortgage_startdate_field": false,
  "mortgage_terms_field": false,
  "mortgage_residentialtype_field": false,
  "mortgage_amount_borrowed_field": false,
  "mortgage_end_date_field": false,
  "mortgage_payment_frequency_field": false,
  "mortgage_outstanding_capital_field": false,
  "fcpi_classification": false,
  "fcpi_End_of_detention_date": false,
  "fcpi_Date_of_valorisation": false,
  "fcpi_current_accountBreakdown_link": false,
  "scpi_classification": false,
  "scpi_Code": false,
  "scpi_Date_of_valorisation": false,
  "scpi_Nantissement_flag": false,
  "scpi_Number_of_units_with_Nantissement": false,
  "scpi_Kind_of_property_owner": false,
  "scpi_current_accountBreakdown_link": false,
  "euro_Valuation_date": false,
  "euro_classification": false,
  "euro_current_accountBreakdown_link": false,
  "rrsp_account_plan_number_field": true,
  "rrsp_account_plan_type_field": true,
  "rrsp_account_plan_status_field": true,
  "rrsp_account_plan_restriction_field": true,
  "rrsp_account_pension_act_jurisdiction_field": true,
  "rrsp_account_beneficiary_field": true,
  "rrsp_viewacount_breakdown_link": true,
  "wlprot_ins_insurancedetails_link": true,
  "annuity_ins_insurancedetails_link": true,
  "termlife_ins_insurancedetails_link": true,
  "ins_investment_insurancedetails_link": true,
  "position_datetime": false,
  "additional_elaboration_discretionary_text_field": true,
  "additional_elaboration_advised_text_field": true,
  "export_data_button": true,
  "current_forecastAndEstimated_column": true,
  "cust_with_srd": true,
  "product_holding_book_value_field": false,
  "profit_loss_unrealized_field": true,
  "profit_loss_unrealized_field_include_income": false,
  "cash_income_since_purchase_field": false,
  "cash_income_since_purchase_column": true,
  "fund_current_division_button": false,
  "hideAllTableHeaderAmount": false,
  "insurance_fund_table": false,
  "hideTransactionButtons": true,
  "defalut_current_bookCost_rate": true,
  "reversal_current_bookCost_Rate": true,
  "marketValue_exchange_rate": true,
  "bookCost_exchange_rate": true,
  "fund_acct_breakdown_buy_button": true,
  "fund_acct_breakdown_sell_button": true,
  "fund_acct_breakdown_switch_button": true,
  "fund_acct_breakdown_trade_button": true,
  "equities_acct_breakdown_buy_button": true,
  "equities_acct_breakdown_sell_button": true,
  "equities_acct_breakdown_switch_button": true,
  "equities_acct_breakdown_trade_button": true,
  "bond_acct_breakdown_buy_button": true,
  "bond_acct_breakdown_sell_button": true,
  "bond_acct_breakdown_switch_button": true,
  "bond_acct_breakdown_trade_button": true,
  "etf_acct_breakdown_buy_button": true,
  "etf_acct_breakdown_sell_button": true,
  "etf_acct_breakdown_switch_button": true,
  "etf_acct_breakdown_trade_button": true,
  "adr_acct_breakdown_buy_button": true,
  "adr_acct_breakdown_sell_button": true,
  "adr_acct_breakdown_switch_button": true,
  "adr_acct_breakdown_trade_button": true,
  "cbbc_acct_breakdown_buy_button": true,
  "cbbc_acct_breakdown_sell_button": true,
  "cbbc_acct_breakdown_switch_button": true,
  "cbbc_acct_breakdown_trade_button": true,
  "commodities_acct_breakdown_buy_button": true,
  "commodities_acct_breakdown_sell_button": true,
  "commodities_acct_breakdown_switch_button": true,
  "commodities_acct_breakdown_trade_button": true,
  "map_acct_breakdown_buy_button": true,
  "map_acct_breakdown_sell_button": true,
  "map_acct_breakdown_switch_button": true,
  "map_acct_breakdown_trade_button": true,
  "options_acct_breakdown_buy_button": true,
  "options_acct_breakdown_sell_button": true,
  "options_acct_breakdown_switch_button": true,
  "options_acct_breakdown_trade_button": true,
  "warrants_acct_breakdown_buy_button": true,
  "warrants_acct_breakdown_sell_button": true,
  "warrants_acct_breakdown_swtich_button": true,
  "current_subTotal_marketValue_column": false,
  "current_subTotal_bookCost_column": true,
  "current_subTotal_bookCost_column_empty_td": true,
  "current_subTotal_unRealisedGainLoss_column": false,
  "current_subTotal_cash_income_since_purchase_column": false,
  "current_subTotal_unRealisedGainLoss_include_income_column": false,
  "fcy_any_comp_btn": false,
  "UT_true": false,
  "UT_false": false,
  "BOND_true": false,
  "BOND_false": false,
  "SI_true": false,
  "SI_false": false,
  "SEC_true": false,
  "SEC_false": false,
  "ELI_true": false,
  "ELI_false": false,
  "ELN_true": false,
  "ELN_false": false,
  "SN_true": false,
  "SN_false": false,
  "SID_true": false,
  "SID_false": false,
  "DPS_true": true,
  "DPS_false": true,
  "ETF_true": false,
  "ETF_false": false,
  "WRTS_true": false,
  "WRTS_false": false,
  "OPTS_true": false,
  "OPTS_false": false,
  "COMMODITIES_true": false,
  "COMMODITIES_false": false,
  "MAP_true": false,
  "MAP_false": false,
  "LCBB_true": false,
  "LCBB_false": false,
  "ADR_true": false,
  "ADR_false": false,
  "OTHERS_true": true,
  "OTHERS_false": true
}
