{
    "responseCode": "000",
    "sessionInformation": {
        "requestIdentificationNumber": "10sb71lu4upd",
        "recordUpdateLastDateTime": "2021-03-17T16:21:55.056Z"
    },
    "additionalScreenInformation": {
        "customerAgreementNotSignNumber": ""
    },
    "portfolioTotalInformation": [
        {
            "holdingBalanceTotalTypeCode": "INVT",
            "marginAccountIndicator": false,
            "portfolioTotalMultipleCurrencyInformation": [
                {
                    "currencyTypeCode": "LOCAL",
                    "currencyProductHoldingMarketValueAmountCode": "HKD",
                    "productHoldingMarketValueAmount": 125000.000,
                    "currencyProductHoldingBookValueAmountCode": "HKD",
                    "productHoldingBookValueAmount": 120000.000,
                    "currencyProfitLossUnrealizedAmountCode": "HKD",
                    "profitLossUnrealizedAmount": 5000.000,
                    "profitLossUnrealizedPercent": 4.167,
                    "currencyIncomeProductAmountCode": "HKD",
                    "incomeProductAmount": 0.000,
                    "currencyIncomeCurrentPurchasePeriodCode": "HKD",
                    "incomeCurrentPurchasePeriodAmount": 0.000,
                    "currencyProfitLossUnrealizedIncludeIncomeCode": "HKD",
                    "profitLossUnrealizedIncludeIncomeAmount": 5000.000,
                    "profitLossUnrealizedIncludeIncomePercent": 4.167
                },
                {
                    "currencyTypeCode": "ACCOUNT",
                    "currencyProductHoldingMarketValueAmountCode": "HKD",
                    "productHoldingMarketValueAmount": 125000.000,
                    "currencyProductHoldingBookValueAmountCode": "HKD",
                    "productHoldingBookValueAmount": 120000.000,
                    "currencyProfitLossUnrealizedAmountCode": "HKD",
                    "profitLossUnrealizedAmount": 5000.000,
                    "profitLossUnrealizedPercent": 4.167,
                    "currencyIncomeProductAmountCode": "HKD",
                    "incomeProductAmount": 0.000,
                    "currencyIncomeCurrentPurchasePeriodCode": "HKD",
                    "incomeCurrentPurchasePeriodAmount": 0.000,
                    "currencyProfitLossUnrealizedIncludeIncomeCode": "HKD",
                    "profitLossUnrealizedIncludeIncomeAmount": 5000.000,
                    "profitLossUnrealizedIncludeIncomePercent": 4.167
                },
                {
                    "currencyTypeCode": "CNY",
                    "currencyProductHoldingMarketValueAmountCode": "CNY",
                    "productHoldingMarketValueAmount": 111044.100,
                    "currencyProductHoldingBookValueAmountCode": "CNY",
                    "productHoldingBookValueAmount": 106602.336,
                    "currencyProfitLossUnrealizedAmountCode": "CNY",
                    "profitLossUnrealizedAmount": 4441.764,
                    "profitLossUnrealizedPercent": 4.167,
                    "currencyIncomeProductAmountCode": "CNY",
                    "incomeProductAmount": 0.000,
                    "currencyIncomeCurrentPurchasePeriodCode": "CNY",
                    "incomeCurrentPurchasePeriodAmount": 0.000,
                    "currencyProfitLossUnrealizedIncludeIncomeCode": "CNY",
                    "profitLossUnrealizedIncludeIncomeAmount": 4441.764,
                    "profitLossUnrealizedIncludeIncomePercent": 4.167
                },
                {
                    "currencyTypeCode": "USD",
                    "currencyProductHoldingMarketValueAmountCode": "USD",
                    "productHoldingMarketValueAmount": 16120.712,
                    "currencyProductHoldingBookValueAmountCode": "USD",
                    "productHoldingBookValueAmount": 15475.883,
                    "currencyProfitLossUnrealizedAmountCode": "USD",
                    "profitLossUnrealizedAmount": 644.828,
                    "profitLossUnrealizedPercent": 4.167,
                    "currencyIncomeProductAmountCode": "USD",
                    "incomeProductAmount": 0.000,
                    "currencyIncomeCurrentPurchasePeriodCode": "USD",
                    "incomeCurrentPurchasePeriodAmount": 0.000,
                    "currencyProfitLossUnrealizedIncludeIncomeCode": "USD",
                    "profitLossUnrealizedIncludeIncomeAmount": 644.828,
                    "profitLossUnrealizedIncludeIncomePercent": 4.167
                }
            ]
        },
        {
            "holdingBalanceTotalTypeCode": "TOTAL",
            "marginAccountIndicator": false,
            "portfolioTotalMultipleCurrencyInformation": [
                {
                    "currencyTypeCode": "LOCAL",
                    "currencyProductHoldingMarketValueAmountCode": "HKD",
                    "productHoldingMarketValueAmount": 125000.000,
                    "currencyProductHoldingBookValueAmountCode": "HKD",
                    "productHoldingBookValueAmount": 120000.000,
                    "currencyProfitLossUnrealizedAmountCode": "HKD",
                    "profitLossUnrealizedAmount": 5000.000,
                    "profitLossUnrealizedPercent": 4.167,
                    "currencyAssetMarketValueCode": "HKD",
                    "assetMarketValueAmount": 125000.000,
                    "currencyLiabilityMarketValueCode": "HKD",
                    "liabilityMarketValueAmount": 0.000
                },
                {
                    "currencyTypeCode": "ACCOUNT",
                    "currencyProductHoldingMarketValueAmountCode": "HKD",
                    "productHoldingMarketValueAmount": 125000.000,
                    "currencyProductHoldingBookValueAmountCode": "HKD",
                    "productHoldingBookValueAmount": 120000.000,
                    "currencyProfitLossUnrealizedAmountCode": "HKD",
                    "profitLossUnrealizedAmount": 5000.000,
                    "profitLossUnrealizedPercent": 4.167,
                    "currencyAssetMarketValueCode": "HKD",
                    "assetMarketValueAmount": 125000.000,
                    "currencyLiabilityMarketValueCode": "HKD",
                    "liabilityMarketValueAmount": 0.000
                },
                {
                    "currencyTypeCode": "CNY",
                    "currencyProductHoldingMarketValueAmountCode": "CNY",
                    "productHoldingMarketValueAmount": 111044.100,
                    "currencyProductHoldingBookValueAmountCode": "CNY",
                    "productHoldingBookValueAmount": 106602.336,
                    "currencyProfitLossUnrealizedAmountCode": "CNY",
                    "profitLossUnrealizedAmount": 4441.764,
                    "profitLossUnrealizedPercent": 4.167,
                    "currencyAssetMarketValueCode": "CNY",
                    "assetMarketValueAmount": 111044.100,
                    "currencyLiabilityMarketValueCode": "CNY",
                    "liabilityMarketValueAmount": 0.000
                },
                {
                    "currencyTypeCode": "USD",
                    "currencyProductHoldingMarketValueAmountCode": "USD",
                    "productHoldingMarketValueAmount": 16120.712,
                    "currencyProductHoldingBookValueAmountCode": "USD",
                    "productHoldingBookValueAmount": 15475.883,
                    "currencyProfitLossUnrealizedAmountCode": "USD",
                    "profitLossUnrealizedAmount": 644.828,
                    "profitLossUnrealizedPercent": 4.167,
                    "currencyAssetMarketValueCode": "USD",
                    "assetMarketValueAmount": 16120.712,
                    "currencyLiabilityMarketValueCode": "USD",
                    "liabilityMarketValueAmount": 0.000
                }
            ],
            "portfolioTotalCurrencyGroupInformation": [
                {
                    "currencyProductHoldingMarketValueAmountCode": "HKD",
                    "productHoldingMarketValueAmount": 125000.000
                },
                {
                    "currencyProductHoldingMarketValueAmountCode": "USD",
                    "productHoldingMarketValueAmount": 0.000
                }
            ]
        }
    ],
    "portfolioDetailInformation": [
        {
            "holdingBalanceTotalTypeCode": "INVT",
            "productDashboardTypeCode": "SI",
            "timeZoneDisplayCode": "Asia/Hong_Kong",
            "portfolioDetailMultipleCurrencyInformation": [
                {
                    "currencyTypeCode": "LOCAL",
                    "currencyProductHoldingMarketValueAmountCode": "HKD",
                    "productHoldingMarketValueAmount": 125000.000,
                    "currencyProductHoldingBookValueAmountCode": "HKD",
                    "productHoldingBookValueAmount": 120000.000,
                    "currencyIncomeProductAmountCode": "HKD",
                    "incomeProductAmount": 0.000,
                    "currencyProfitLossRealizedIncludeIncomeCode": "HKD",
                    "profitLossRealizedIncludeIncomeAmount": 0.000,
                    "profitLossRealizedIncludeIncomePercent": 0.000,
                    "currencyIncomeCurrentPurchasePeriodCode": "HKD",
                    "incomeCurrentPurchasePeriodAmount": 0.000,
                    "currencyProfitLossUnrealizedIncludeIncomeCode": "HKD",
                    "profitLossUnrealizedIncludeIncomeAmount": 0.000,
                    "profitLossUnrealizedIncludeIncomePercent": 0.000
                },
                {
                    "currencyTypeCode": "ACCOUNT",
                    "currencyProductHoldingMarketValueAmountCode": "HKD",
                    "productHoldingMarketValueAmount": 125000.000,
                    "currencyProductHoldingBookValueAmountCode": "HKD",
                    "productHoldingBookValueAmount": 120000.000,
                    "currencyIncomeProductAmountCode": "HKD",
                    "incomeProductAmount": 0.000,
                    "currencyProfitLossRealizedIncludeIncomeCode": "HKD",
                    "profitLossRealizedIncludeIncomeAmount": 0.000,
                    "profitLossRealizedIncludeIncomePercent": 0.000,
                    "currencyIncomeCurrentPurchasePeriodCode": "HKD",
                    "incomeCurrentPurchasePeriodAmount": 0.000,
                    "currencyProfitLossUnrealizedIncludeIncomeCode": "HKD",
                    "profitLossUnrealizedIncludeIncomeAmount": 0.000,
                    "profitLossUnrealizedIncludeIncomePercent": 0.000
                },
                {
                    "currencyTypeCode": "CNY",
                    "currencyProductHoldingMarketValueAmountCode": "CNY",
                    "productHoldingMarketValueAmount": 111044.100,
                    "currencyProductHoldingBookValueAmountCode": "CNY",
                    "productHoldingBookValueAmount": 106602.336,
                    "currencyIncomeProductAmountCode": "CNY",
                    "incomeProductAmount": 0.000,
                    "currencyProfitLossRealizedIncludeIncomeCode": "CNY",
                    "profitLossRealizedIncludeIncomeAmount": 0.000,
                    "profitLossRealizedIncludeIncomePercent": 0.000,
                    "currencyIncomeCurrentPurchasePeriodCode": "CNY",
                    "incomeCurrentPurchasePeriodAmount": 0.000,
                    "currencyProfitLossUnrealizedIncludeIncomeCode": "CNY",
                    "profitLossUnrealizedIncludeIncomeAmount": 0.000,
                    "profitLossUnrealizedIncludeIncomePercent": 0.000
                },
                {
                    "currencyTypeCode": "USD",
                    "currencyProductHoldingMarketValueAmountCode": "USD",
                    "productHoldingMarketValueAmount": 16120.712,
                    "currencyProductHoldingBookValueAmountCode": "USD",
                    "productHoldingBookValueAmount": 15475.883,
                    "currencyIncomeProductAmountCode": "USD",
                    "incomeProductAmount": 0.000,
                    "currencyProfitLossRealizedIncludeIncomeCode": "USD",
                    "profitLossRealizedIncludeIncomeAmount": 0.000,
                    "profitLossRealizedIncludeIncomePercent": 0.000,
                    "currencyIncomeCurrentPurchasePeriodCode": "USD",
                    "incomeCurrentPurchasePeriodAmount": 0.000,
                    "currencyProfitLossUnrealizedIncludeIncomeCode": "USD",
                    "profitLossUnrealizedIncludeIncomeAmount": 0.000,
                    "profitLossUnrealizedIncludeIncomePercent": 0.000
                }
            ],
            "productHoldingMarketValuePercent": 100.0000
        }
    ],
    "subPortfolioDetailInformation": [
        {
            "holdingBalanceTotalTypeCode": "INVT",
            "productDashboardTypeCode": "SI",
            "productDashboardSubTypeCode": "ELI",
            "timeZoneDisplayCode": "Asia/Hong_Kong",
            "productHoldingMarketValuePercent": 4.0000,
            "subPortfolioDetailMultipleCurrencyInformation": [
                {
                    "currencyTypeCode": "LOCAL",
                    "currencyProductHoldingMarketValueAmountCode": "HKD",
                    "productHoldingMarketValueAmount": 5000.000,
                    "currencyProductHoldingBookValueAmountCode": "HKD",
                    "productHoldingBookValueAmount": 0.000,
                    "currencyIncomeProductAmountCode": "HKD",
                    "incomeProductAmount": 0.000,
                    "currencyIncomeCurrentPurchasePeriodCode": "HKD",
                    "incomeCurrentPurchasePeriodAmount": 0.000,
                    "currencyProfitLossUnrealizedIncludeIncomeCode": "HKD",
                    "profitLossUnrealizedIncludeIncomeAmount": 0.000
                },
                {
                    "currencyTypeCode": "ACCOUNT",
                    "currencyProductHoldingMarketValueAmountCode": "HKD",
                    "productHoldingMarketValueAmount": 5000.000,
                    "currencyProductHoldingBookValueAmountCode": "HKD",
                    "productHoldingBookValueAmount": 0.000,
                    "currencyIncomeProductAmountCode": "HKD",
                    "incomeProductAmount": 0.000,
                    "currencyIncomeCurrentPurchasePeriodCode": "HKD",
                    "incomeCurrentPurchasePeriodAmount": 0.000,
                    "currencyProfitLossUnrealizedIncludeIncomeCode": "HKD",
                    "profitLossUnrealizedIncludeIncomeAmount": 0.000
                },
                {
                    "currencyTypeCode": "CNY",
                    "currencyProductHoldingMarketValueAmountCode": "CNY",
                    "productHoldingMarketValueAmount": 4441.764,
                    "currencyProductHoldingBookValueAmountCode": "CNY",
                    "productHoldingBookValueAmount": 0.000,
                    "currencyIncomeProductAmountCode": "CNY",
                    "incomeProductAmount": 0.000,
                    "currencyIncomeCurrentPurchasePeriodCode": "CNY",
                    "incomeCurrentPurchasePeriodAmount": 0.000,
                    "currencyProfitLossUnrealizedIncludeIncomeCode": "CNY",
                    "profitLossUnrealizedIncludeIncomeAmount": 0.000
                },
                {
                    "currencyTypeCode": "USD",
                    "currencyProductHoldingMarketValueAmountCode": "USD",
                    "productHoldingMarketValueAmount": 644.828,
                    "currencyProductHoldingBookValueAmountCode": "USD",
                    "productHoldingBookValueAmount": 0.000,
                    "currencyIncomeProductAmountCode": "USD",
                    "incomeProductAmount": 0.000,
                    "currencyIncomeCurrentPurchasePeriodCode": "USD",
                    "incomeCurrentPurchasePeriodAmount": 0.000,
                    "currencyProfitLossUnrealizedIncludeIncomeCode": "USD",
                    "profitLossUnrealizedIncludeIncomeAmount": 0.000
                }
            ]
        },
        {
            "holdingBalanceTotalTypeCode": "INVT",
            "productDashboardTypeCode": "SI",
            "productDashboardSubTypeCode": "DPS",
            "timeZoneDisplayCode": "Asia/Hong_Kong",
            "productHoldingMarketValuePercent": 16.0000,
            "subPortfolioDetailMultipleCurrencyInformation": [
                {
                    "currencyTypeCode": "LOCAL",
                    "currencyProductHoldingMarketValueAmountCode": "HKD",
                    "productHoldingMarketValueAmount": 20000.000,
                    "currencyProductHoldingBookValueAmountCode": "HKD",
                    "productHoldingBookValueAmount": 20000.000
                },
                {
                    "currencyTypeCode": "ACCOUNT",
                    "currencyProductHoldingMarketValueAmountCode": "HKD",
                    "productHoldingMarketValueAmount": 20000.000,
                    "currencyProductHoldingBookValueAmountCode": "HKD",
                    "productHoldingBookValueAmount": 20000.000
                },
                {
                    "currencyTypeCode": "CNY",
                    "currencyProductHoldingMarketValueAmountCode": "CNY",
                    "productHoldingMarketValueAmount": 17767.056,
                    "currencyProductHoldingBookValueAmountCode": "CNY",
                    "productHoldingBookValueAmount": 17767.056
                },
                {
                    "currencyTypeCode": "USD",
                    "currencyProductHoldingMarketValueAmountCode": "USD",
                    "productHoldingMarketValueAmount": 2579.314,
                    "currencyProductHoldingBookValueAmountCode": "USD",
                    "productHoldingBookValueAmount": 2579.314
                }
            ]
        },
        {
            "holdingBalanceTotalTypeCode": "INVT",
            "productDashboardTypeCode": "SI",
            "productDashboardSubTypeCode": "SID",
            "timeZoneDisplayCode": "Asia/Hong_Kong",
            "productHoldingMarketValuePercent": 80.0000,
            "subPortfolioDetailMultipleCurrencyInformation": [
                {
                    "currencyTypeCode": "LOCAL",
                    "currencyProductHoldingMarketValueAmountCode": "HKD",
                    "productHoldingMarketValueAmount": 100000.000,
                    "currencyProductHoldingBookValueAmountCode": "HKD",
                    "productHoldingBookValueAmount": 100000.000
                },
                {
                    "currencyTypeCode": "ACCOUNT",
                    "currencyProductHoldingMarketValueAmountCode": "HKD",
                    "productHoldingMarketValueAmount": 100000.000,
                    "currencyProductHoldingBookValueAmountCode": "HKD",
                    "productHoldingBookValueAmount": 100000.000
                },
                {
                    "currencyTypeCode": "CNY",
                    "currencyProductHoldingMarketValueAmountCode": "CNY",
                    "productHoldingMarketValueAmount": 88835.280,
                    "currencyProductHoldingBookValueAmountCode": "CNY",
                    "productHoldingBookValueAmount": 88835.280
                },
                {
                    "currencyTypeCode": "USD",
                    "currencyProductHoldingMarketValueAmountCode": "USD",
                    "productHoldingMarketValueAmount": 12896.570,
                    "currencyProductHoldingBookValueAmountCode": "USD",
                    "productHoldingBookValueAmount": 12896.570
                }
            ]
        }
    ],
    "otherHoldingAdditionalInformation": {
        "maxOtherAssetCountIndicator": false,
        "maxOtherLiabilityCountIndicator": false,
        "maxOtherInsuranceCountIndicator": false
    },
    "holdingOrderInformation": [
        {
            "productDashboardTypeCode": "SI",
            "productDashboardSubTypeCode": "SID",
            "productTypeCode": "SID",
            "productSubtypeCode": "CPIType3",
            "accountTypeCode": "TCP",
            "accountProductTypeCode": "AV",
            "groupMemberCode": "HBAP",
            "productAlternativeNumber": "AU0007",
            "productCode": "50395383",
            "productCodeAlternativeClassificationCode": "M",
            "countryProductTradableCode": "HK",
            "currencyProductCode": "HKD",
            "productName": "CPI - Currency Linked III (Trigger Rate Down)",
            "productStatusCode": "E",
            "responseRecordTypeCode": "HLDNG",
            "timeZoneDisplayCode": "Asia/Hong_Kong",
            "productClassificationCode": "C",
            "allowShowTransactionIndicator": "Y",
            "productPriceDivisorAmount": 100,
            "productIdInformation": [
                {
                    "productCodeAlternativeClassificationCode": "M",
                    "productAlternativeNumber": "AU0007",
                    "countryProductTradableCode": "HK"
                },
                {
                    "productCodeAlternativeClassificationCode": "P",
                    "productAlternativeNumber": "AU0007",
                    "countryProductTradableCode": "HK"
                },
                {
                    "productCodeAlternativeClassificationCode": "W",
                    "productAlternativeNumber": "50395383",
                    "countryProductTradableCode": "HK"
                }
            ],
            "holdingDetailInformation": [
                {
                    "productHoldingQuantityCount": 0.000000,
                    "currencyProductMarketPriceCode": "HKD",
                    "currencyProductCode": "HKD",
                    "yieldAnnualPotentialPercent": 6.760,
                    "productDepositHoldingCode": "0024",
                    "allowBuyProductIndicator": "N",
                    "allowBuyAmountProductIndicator": "N",
                    "allowBuyUnitProductIndicator": "N",
                    "allowSellProductIndicator": "N",
                    "allowSellAmountProductIndicator": "N",
                    "allowSellUnitProductIndicator": "N",
                    "allowTradeMonthlyInvestmentProgramProductIndicator": "N",
                    "allowSellMonthlyInvestmentProgramAmountProductIndicator": "N",
                    "allowSellMonthlyInvestmentProgramUnitProductIndicator": "N",
                    "allowSwitchInProductIndicator": "N",
                    "allowSwitchInAmountProductIndicator": "N",
                    "allowSwitchInUnitProductIndicator": "N",
                    "allowSwitchOutProductIndicator": "N",
                    "allowSwitchOutAmountProductIndicator": "N",
                    "allowSwitchOutUnitProductIndicator": "N",
                    "markToMarketIndicator": "N",
                    "watchItemIdentifier": 0,
                    "holdingDetailMultipleCurrencyInformation": [
                        {
                            "currencyTypeCode": "LOCAL",
                            "currencyProductHoldingMarketValueAmountCode": "HKD",
                            "productHoldingMarketValueAmount": 10000.000,
                            "currencyProductHoldingBookValueAmountCode": "HKD",
                            "productHoldingBookValueAmount": 10000.000
                        },
                        {
                            "currencyTypeCode": "PRODUCT",
                            "currencyProductHoldingMarketValueAmountCode": "HKD",
                            "productHoldingMarketValueAmount": 10000.000,
                            "currencyProductHoldingBookValueAmountCode": "HKD",
                            "productHoldingBookValueAmount": 10000.000,
                            "currencyForecastIncomeAmountCode": "HKD",
                            "forecastIncomeAmount": 0.000
                        },
                        {
                            "currencyTypeCode": "ACCOUNT",
                            "currencyProductHoldingMarketValueAmountCode": "HKD",
                            "productHoldingMarketValueAmount": 10000.000,
                            "currencyProductHoldingBookValueAmountCode": "HKD",
                            "productHoldingBookValueAmount": 10000.000
                        },
                        {
                            "currencyTypeCode": "CNY",
                            "currencyProductHoldingMarketValueAmountCode": "CNY",
                            "productHoldingMarketValueAmount": 8883.528,
                            "currencyProductHoldingBookValueAmountCode": "CNY",
                            "productHoldingBookValueAmount": 8883.528
                        },
                        {
                            "currencyTypeCode": "USD",
                            "currencyProductHoldingMarketValueAmountCode": "USD",
                            "productHoldingMarketValueAmount": 1289.657,
                            "currencyProductHoldingBookValueAmountCode": "USD",
                            "productHoldingBookValueAmount": 1289.657
                        }
                    ],
                    "minBuyAmount": 50000,
                    "depositDate": "2021-02-26T00:00:00.000Z"
                }
            ],
            "holdingMaturityInformation": [
                {
                    "productMaturityDate": "2021-03-26T00:00:00.000Z",
                    "productPeriodText": "1M"
                }
            ],
            "holdingUnderlyingProdInformation": [
                {
                    "instrumentUnderlyingName": "HKD|USD",
                    "instrumentUnderlyingShortName": "HKD|USD"
                }
            ],
            "holdingBondProdInformation": [
                {
                    "bondOfTheMonthIndicator": "N"
                }
            ],
            "holdingFundProdInformation": [
                {
                    "riskLevelFundCode": 3,
                    "fundShortListedIndicator": "N"
                }
            ],
            "additionalHoldingInformation": []
        },
        {
            "productDashboardTypeCode": "SI",
            "productDashboardSubTypeCode": "SID",
            "productTypeCode": "SID",
            "productSubtypeCode": "CPIType3",
            "accountTypeCode": "TCP",
            "accountProductTypeCode": "AV",
            "groupMemberCode": "HBAP",
            "productAlternativeNumber": "AU0007",
            "productCode": "50395383",
            "productCodeAlternativeClassificationCode": "M",
            "countryProductTradableCode": "HK",
            "currencyProductCode": "HKD",
            "productName": "CPI - Currency Linked III (Trigger Rate Down)",
            "productStatusCode": "E",
            "responseRecordTypeCode": "HLDNG",
            "timeZoneDisplayCode": "Asia/Hong_Kong",
            "productClassificationCode": "C",
            "allowShowTransactionIndicator": "Y",
            "productPriceDivisorAmount": 100,
            "productIdInformation": [
                {
                    "productCodeAlternativeClassificationCode": "M",
                    "productAlternativeNumber": "AU0007",
                    "countryProductTradableCode": "HK"
                },
                {
                    "productCodeAlternativeClassificationCode": "P",
                    "productAlternativeNumber": "AU0007",
                    "countryProductTradableCode": "HK"
                },
                {
                    "productCodeAlternativeClassificationCode": "W",
                    "productAlternativeNumber": "50395383",
                    "countryProductTradableCode": "HK"
                }
            ],
            "holdingDetailInformation": [
                {
                    "productHoldingQuantityCount": 0.000000,
                    "currencyProductMarketPriceCode": "HKD",
                    "currencyProductCode": "HKD",
                    "yieldAnnualPotentialPercent": 6.760,
                    "productDepositHoldingCode": "0028",
                    "allowBuyProductIndicator": "N",
                    "allowBuyAmountProductIndicator": "N",
                    "allowBuyUnitProductIndicator": "N",
                    "allowSellProductIndicator": "N",
                    "allowSellAmountProductIndicator": "N",
                    "allowSellUnitProductIndicator": "N",
                    "allowTradeMonthlyInvestmentProgramProductIndicator": "N",
                    "allowSellMonthlyInvestmentProgramAmountProductIndicator": "N",
                    "allowSellMonthlyInvestmentProgramUnitProductIndicator": "N",
                    "allowSwitchInProductIndicator": "N",
                    "allowSwitchInAmountProductIndicator": "N",
                    "allowSwitchInUnitProductIndicator": "N",
                    "allowSwitchOutProductIndicator": "N",
                    "allowSwitchOutAmountProductIndicator": "N",
                    "allowSwitchOutUnitProductIndicator": "N",
                    "markToMarketIndicator": "N",
                    "watchItemIdentifier": 0,
                    "holdingDetailMultipleCurrencyInformation": [
                        {
                            "currencyTypeCode": "LOCAL",
                            "currencyProductHoldingMarketValueAmountCode": "HKD",
                            "productHoldingMarketValueAmount": 30000.000,
                            "currencyProductHoldingBookValueAmountCode": "HKD",
                            "productHoldingBookValueAmount": 30000.000
                        },
                        {
                            "currencyTypeCode": "PRODUCT",
                            "currencyProductHoldingMarketValueAmountCode": "HKD",
                            "productHoldingMarketValueAmount": 30000.000,
                            "currencyProductHoldingBookValueAmountCode": "HKD",
                            "productHoldingBookValueAmount": 30000.000,
                            "currencyForecastIncomeAmountCode": "HKD",
                            "forecastIncomeAmount": 0.000
                        },
                        {
                            "currencyTypeCode": "ACCOUNT",
                            "currencyProductHoldingMarketValueAmountCode": "HKD",
                            "productHoldingMarketValueAmount": 30000.000,
                            "currencyProductHoldingBookValueAmountCode": "HKD",
                            "productHoldingBookValueAmount": 30000.000
                        },
                        {
                            "currencyTypeCode": "CNY",
                            "currencyProductHoldingMarketValueAmountCode": "CNY",
                            "productHoldingMarketValueAmount": 26650.584,
                            "currencyProductHoldingBookValueAmountCode": "CNY",
                            "productHoldingBookValueAmount": 26650.584
                        },
                        {
                            "currencyTypeCode": "USD",
                            "currencyProductHoldingMarketValueAmountCode": "USD",
                            "productHoldingMarketValueAmount": 3868.971,
                            "currencyProductHoldingBookValueAmountCode": "USD",
                            "productHoldingBookValueAmount": 3868.971
                        }
                    ],
                    "minBuyAmount": 50000,
                    "depositDate": "2021-02-26T00:00:00.000Z"
                }
            ],
            "holdingMaturityInformation": [
                {
                    "productMaturityDate": "2021-03-26T00:00:00.000Z",
                    "productPeriodText": "1M"
                }
            ],
            "holdingUnderlyingProdInformation": [
                {
                    "instrumentUnderlyingName": "HKD|USD",
                    "instrumentUnderlyingShortName": "HKD|USD"
                }
            ],
            "holdingBondProdInformation": [
                {
                    "bondOfTheMonthIndicator": "N"
                }
            ],
            "holdingFundProdInformation": [
                {
                    "riskLevelFundCode": 3,
                    "fundShortListedIndicator": "N"
                }
            ],
            "additionalHoldingInformation": []
        },
        {
            "productDashboardTypeCode": "SI",
            "productDashboardSubTypeCode": "SID",
            "productTypeCode": "SID",
            "productSubtypeCode": "CPIType3",
            "accountTypeCode": "TCP",
            "accountProductTypeCode": "AV",
            "groupMemberCode": "HBAP",
            "productAlternativeNumber": "AU0007",
            "productCode": "50395383",
            "productCodeAlternativeClassificationCode": "M",
            "countryProductTradableCode": "HK",
            "currencyProductCode": "HKD",
            "productName": "CPI - Currency Linked III (Trigger Rate Down)",
            "productStatusCode": "E",
            "responseRecordTypeCode": "HLDNG",
            "timeZoneDisplayCode": "Asia/Hong_Kong",
            "productClassificationCode": "C",
            "allowShowTransactionIndicator": "Y",
            "productPriceDivisorAmount": 100,
            "productIdInformation": [
                {
                    "productCodeAlternativeClassificationCode": "M",
                    "productAlternativeNumber": "AU0007",
                    "countryProductTradableCode": "HK"
                },
                {
                    "productCodeAlternativeClassificationCode": "P",
                    "productAlternativeNumber": "AU0007",
                    "countryProductTradableCode": "HK"
                },
                {
                    "productCodeAlternativeClassificationCode": "W",
                    "productAlternativeNumber": "50395383",
                    "countryProductTradableCode": "HK"
                }
            ],
            "holdingDetailInformation": [
                {
                    "productHoldingQuantityCount": 0.000000,
                    "currencyProductMarketPriceCode": "HKD",
                    "currencyProductCode": "HKD",
                    "yieldAnnualPotentialPercent": 6.760,
                    "productDepositHoldingCode": "0025",
                    "allowBuyProductIndicator": "N",
                    "allowBuyAmountProductIndicator": "N",
                    "allowBuyUnitProductIndicator": "N",
                    "allowSellProductIndicator": "N",
                    "allowSellAmountProductIndicator": "N",
                    "allowSellUnitProductIndicator": "N",
                    "allowTradeMonthlyInvestmentProgramProductIndicator": "N",
                    "allowSellMonthlyInvestmentProgramAmountProductIndicator": "N",
                    "allowSellMonthlyInvestmentProgramUnitProductIndicator": "N",
                    "allowSwitchInProductIndicator": "N",
                    "allowSwitchInAmountProductIndicator": "N",
                    "allowSwitchInUnitProductIndicator": "N",
                    "allowSwitchOutProductIndicator": "N",
                    "allowSwitchOutAmountProductIndicator": "N",
                    "allowSwitchOutUnitProductIndicator": "N",
                    "markToMarketIndicator": "N",
                    "watchItemIdentifier": 0,
                    "holdingDetailMultipleCurrencyInformation": [
                        {
                            "currencyTypeCode": "LOCAL",
                            "currencyProductHoldingMarketValueAmountCode": "HKD",
                            "productHoldingMarketValueAmount": 10000.000,
                            "currencyProductHoldingBookValueAmountCode": "HKD",
                            "productHoldingBookValueAmount": 10000.000
                        },
                        {
                            "currencyTypeCode": "PRODUCT",
                            "currencyProductHoldingMarketValueAmountCode": "HKD",
                            "productHoldingMarketValueAmount": 10000.000,
                            "currencyProductHoldingBookValueAmountCode": "HKD",
                            "productHoldingBookValueAmount": 10000.000,
                            "currencyForecastIncomeAmountCode": "HKD",
                            "forecastIncomeAmount": 0.000
                        },
                        {
                            "currencyTypeCode": "ACCOUNT",
                            "currencyProductHoldingMarketValueAmountCode": "HKD",
                            "productHoldingMarketValueAmount": 10000.000,
                            "currencyProductHoldingBookValueAmountCode": "HKD",
                            "productHoldingBookValueAmount": 10000.000
                        },
                        {
                            "currencyTypeCode": "CNY",
                            "currencyProductHoldingMarketValueAmountCode": "CNY",
                            "productHoldingMarketValueAmount": 8883.528,
                            "currencyProductHoldingBookValueAmountCode": "CNY",
                            "productHoldingBookValueAmount": 8883.528
                        },
                        {
                            "currencyTypeCode": "USD",
                            "currencyProductHoldingMarketValueAmountCode": "USD",
                            "productHoldingMarketValueAmount": 1289.657,
                            "currencyProductHoldingBookValueAmountCode": "USD",
                            "productHoldingBookValueAmount": 1289.657
                        }
                    ],
                    "minBuyAmount": 50000,
                    "depositDate": "2021-02-26T00:00:00.000Z"
                }
            ],
            "holdingMaturityInformation": [
                {
                    "productMaturityDate": "2021-03-26T00:00:00.000Z",
                    "productPeriodText": "1M"
                }
            ],
            "holdingUnderlyingProdInformation": [
                {
                    "instrumentUnderlyingName": "HKD|USD",
                    "instrumentUnderlyingShortName": "HKD|USD"
                }
            ],
            "holdingBondProdInformation": [
                {
                    "bondOfTheMonthIndicator": "N"
                }
            ],
            "holdingFundProdInformation": [
                {
                    "riskLevelFundCode": 3,
                    "fundShortListedIndicator": "N"
                }
            ],
            "additionalHoldingInformation": []
        },
        {
            "productDashboardTypeCode": "SI",
            "productDashboardSubTypeCode": "SID",
            "productTypeCode": "SID",
            "productSubtypeCode": "CPIType3",
            "accountTypeCode": "TCP",
            "accountProductTypeCode": "AV",
            "groupMemberCode": "HBAP",
            "productAlternativeNumber": "AU0007",
            "productCode": "50395383",
            "productCodeAlternativeClassificationCode": "M",
            "countryProductTradableCode": "HK",
            "currencyProductCode": "HKD",
            "productName": "CPI - Currency Linked III (Trigger Rate Down)",
            "productStatusCode": "E",
            "responseRecordTypeCode": "HLDNG",
            "timeZoneDisplayCode": "Asia/Hong_Kong",
            "productClassificationCode": "C",
            "allowShowTransactionIndicator": "Y",
            "productPriceDivisorAmount": 100,
            "productIdInformation": [
                {
                    "productCodeAlternativeClassificationCode": "M",
                    "productAlternativeNumber": "AU0007",
                    "countryProductTradableCode": "HK"
                },
                {
                    "productCodeAlternativeClassificationCode": "P",
                    "productAlternativeNumber": "AU0007",
                    "countryProductTradableCode": "HK"
                },
                {
                    "productCodeAlternativeClassificationCode": "W",
                    "productAlternativeNumber": "50395383",
                    "countryProductTradableCode": "HK"
                }
            ],
            "holdingDetailInformation": [
                {
                    "productHoldingQuantityCount": 0.000000,
                    "currencyProductMarketPriceCode": "HKD",
                    "currencyProductCode": "HKD",
                    "yieldAnnualPotentialPercent": 6.760,
                    "productDepositHoldingCode": "0022",
                    "allowBuyProductIndicator": "N",
                    "allowBuyAmountProductIndicator": "N",
                    "allowBuyUnitProductIndicator": "N",
                    "allowSellProductIndicator": "N",
                    "allowSellAmountProductIndicator": "N",
                    "allowSellUnitProductIndicator": "N",
                    "allowTradeMonthlyInvestmentProgramProductIndicator": "N",
                    "allowSellMonthlyInvestmentProgramAmountProductIndicator": "N",
                    "allowSellMonthlyInvestmentProgramUnitProductIndicator": "N",
                    "allowSwitchInProductIndicator": "N",
                    "allowSwitchInAmountProductIndicator": "N",
                    "allowSwitchInUnitProductIndicator": "N",
                    "allowSwitchOutProductIndicator": "N",
                    "allowSwitchOutAmountProductIndicator": "N",
                    "allowSwitchOutUnitProductIndicator": "N",
                    "markToMarketIndicator": "N",
                    "watchItemIdentifier": 0,
                    "holdingDetailMultipleCurrencyInformation": [
                        {
                            "currencyTypeCode": "LOCAL",
                            "currencyProductHoldingMarketValueAmountCode": "HKD",
                            "productHoldingMarketValueAmount": 10000.000,
                            "currencyProductHoldingBookValueAmountCode": "HKD",
                            "productHoldingBookValueAmount": 10000.000
                        },
                        {
                            "currencyTypeCode": "PRODUCT",
                            "currencyProductHoldingMarketValueAmountCode": "HKD",
                            "productHoldingMarketValueAmount": 10000.000,
                            "currencyProductHoldingBookValueAmountCode": "HKD",
                            "productHoldingBookValueAmount": 10000.000,
                            "currencyForecastIncomeAmountCode": "HKD",
                            "forecastIncomeAmount": 0.000
                        },
                        {
                            "currencyTypeCode": "ACCOUNT",
                            "currencyProductHoldingMarketValueAmountCode": "HKD",
                            "productHoldingMarketValueAmount": 10000.000,
                            "currencyProductHoldingBookValueAmountCode": "HKD",
                            "productHoldingBookValueAmount": 10000.000
                        },
                        {
                            "currencyTypeCode": "CNY",
                            "currencyProductHoldingMarketValueAmountCode": "CNY",
                            "productHoldingMarketValueAmount": 8883.528,
                            "currencyProductHoldingBookValueAmountCode": "CNY",
                            "productHoldingBookValueAmount": 8883.528
                        },
                        {
                            "currencyTypeCode": "USD",
                            "currencyProductHoldingMarketValueAmountCode": "USD",
                            "productHoldingMarketValueAmount": 1289.657,
                            "currencyProductHoldingBookValueAmountCode": "USD",
                            "productHoldingBookValueAmount": 1289.657
                        }
                    ],
                    "minBuyAmount": 50000,
                    "depositDate": "2021-02-26T00:00:00.000Z"
                }
            ],
            "holdingMaturityInformation": [
                {
                    "productMaturityDate": "2021-03-26T00:00:00.000Z",
                    "productPeriodText": "1M"
                }
            ],
            "holdingUnderlyingProdInformation": [
                {
                    "instrumentUnderlyingName": "HKD|USD",
                    "instrumentUnderlyingShortName": "HKD|USD"
                }
            ],
            "holdingBondProdInformation": [
                {
                    "bondOfTheMonthIndicator": "N"
                }
            ],
            "holdingFundProdInformation": [
                {
                    "riskLevelFundCode": 3,
                    "fundShortListedIndicator": "N"
                }
            ],
            "additionalHoldingInformation": []
        },
        {
            "productDashboardTypeCode": "SI",
            "productDashboardSubTypeCode": "SID",
            "productTypeCode": "SID",
            "productSubtypeCode": "CPIType3",
            "accountTypeCode": "TCP",
            "accountProductTypeCode": "AV",
            "groupMemberCode": "HBAP",
            "productAlternativeNumber": "AU0007",
            "productCode": "50395383",
            "productCodeAlternativeClassificationCode": "M",
            "countryProductTradableCode": "HK",
            "currencyProductCode": "HKD",
            "productName": "CPI - Currency Linked III (Trigger Rate Down)",
            "productStatusCode": "E",
            "responseRecordTypeCode": "HLDNG",
            "timeZoneDisplayCode": "Asia/Hong_Kong",
            "productClassificationCode": "C",
            "allowShowTransactionIndicator": "Y",
            "productPriceDivisorAmount": 100,
            "productIdInformation": [
                {
                    "productCodeAlternativeClassificationCode": "M",
                    "productAlternativeNumber": "AU0007",
                    "countryProductTradableCode": "HK"
                },
                {
                    "productCodeAlternativeClassificationCode": "P",
                    "productAlternativeNumber": "AU0007",
                    "countryProductTradableCode": "HK"
                },
                {
                    "productCodeAlternativeClassificationCode": "W",
                    "productAlternativeNumber": "50395383",
                    "countryProductTradableCode": "HK"
                }
            ],
            "holdingDetailInformation": [
                {
                    "productHoldingQuantityCount": 0.000000,
                    "currencyProductMarketPriceCode": "HKD",
                    "currencyProductCode": "HKD",
                    "yieldAnnualPotentialPercent": 6.760,
                    "productDepositHoldingCode": "0026",
                    "allowBuyProductIndicator": "N",
                    "allowBuyAmountProductIndicator": "N",
                    "allowBuyUnitProductIndicator": "N",
                    "allowSellProductIndicator": "N",
                    "allowSellAmountProductIndicator": "N",
                    "allowSellUnitProductIndicator": "N",
                    "allowTradeMonthlyInvestmentProgramProductIndicator": "N",
                    "allowSellMonthlyInvestmentProgramAmountProductIndicator": "N",
                    "allowSellMonthlyInvestmentProgramUnitProductIndicator": "N",
                    "allowSwitchInProductIndicator": "N",
                    "allowSwitchInAmountProductIndicator": "N",
                    "allowSwitchInUnitProductIndicator": "N",
                    "allowSwitchOutProductIndicator": "N",
                    "allowSwitchOutAmountProductIndicator": "N",
                    "allowSwitchOutUnitProductIndicator": "N",
                    "markToMarketIndicator": "N",
                    "watchItemIdentifier": 0,
                    "holdingDetailMultipleCurrencyInformation": [
                        {
                            "currencyTypeCode": "LOCAL",
                            "currencyProductHoldingMarketValueAmountCode": "HKD",
                            "productHoldingMarketValueAmount": 30000.000,
                            "currencyProductHoldingBookValueAmountCode": "HKD",
                            "productHoldingBookValueAmount": 30000.000
                        },
                        {
                            "currencyTypeCode": "PRODUCT",
                            "currencyProductHoldingMarketValueAmountCode": "HKD",
                            "productHoldingMarketValueAmount": 30000.000,
                            "currencyProductHoldingBookValueAmountCode": "HKD",
                            "productHoldingBookValueAmount": 30000.000,
                            "currencyForecastIncomeAmountCode": "HKD",
                            "forecastIncomeAmount": 0.000
                        },
                        {
                            "currencyTypeCode": "ACCOUNT",
                            "currencyProductHoldingMarketValueAmountCode": "HKD",
                            "productHoldingMarketValueAmount": 30000.000,
                            "currencyProductHoldingBookValueAmountCode": "HKD",
                            "productHoldingBookValueAmount": 30000.000
                        },
                        {
                            "currencyTypeCode": "CNY",
                            "currencyProductHoldingMarketValueAmountCode": "CNY",
                            "productHoldingMarketValueAmount": 26650.584,
                            "currencyProductHoldingBookValueAmountCode": "CNY",
                            "productHoldingBookValueAmount": 26650.584
                        },
                        {
                            "currencyTypeCode": "USD",
                            "currencyProductHoldingMarketValueAmountCode": "USD",
                            "productHoldingMarketValueAmount": 3868.971,
                            "currencyProductHoldingBookValueAmountCode": "USD",
                            "productHoldingBookValueAmount": 3868.971
                        }
                    ],
                    "minBuyAmount": 50000,
                    "depositDate": "2021-02-26T00:00:00.000Z"
                }
            ],
            "holdingMaturityInformation": [
                {
                    "productMaturityDate": "2021-03-26T00:00:00.000Z",
                    "productPeriodText": "1M"
                }
            ],
            "holdingUnderlyingProdInformation": [
                {
                    "instrumentUnderlyingName": "HKD|USD",
                    "instrumentUnderlyingShortName": "HKD|USD"
                }
            ],
            "holdingBondProdInformation": [
                {
                    "bondOfTheMonthIndicator": "N"
                }
            ],
            "holdingFundProdInformation": [
                {
                    "riskLevelFundCode": 3,
                    "fundShortListedIndicator": "N"
                }
            ],
            "additionalHoldingInformation": []
        },
        {
            "productDashboardTypeCode": "SI",
            "productDashboardSubTypeCode": "SID",
            "productTypeCode": "SID",
            "productSubtypeCode": "CPITYPE5",
            "accountTypeCode": "TCP",
            "accountProductTypeCode": "AV",
            "groupMemberCode": "HBAP",
            "productAlternativeNumber": "AUC001",
            "productCode": "50359904",
            "productCodeAlternativeClassificationCode": "M",
            "countryProductTradableCode": "HK",
            "currencyProductCode": "HKD",
            "productShortName": "AUC001",
            "productName": "TMD_PFS_Test1",
            "productStatusCode": "E",
            "responseRecordTypeCode": "HLDNG",
            "timeZoneDisplayCode": "Asia/Hong_Kong",
            "productClassificationCode": "C",
            "allowShowTransactionIndicator": "Y",
            "productPriceDivisorAmount": 100,
            "productIdInformation": [
                {
                    "productCodeAlternativeClassificationCode": "M",
                    "productAlternativeNumber": "AUC001",
                    "countryProductTradableCode": "HK"
                },
                {
                    "productCodeAlternativeClassificationCode": "P",
                    "productAlternativeNumber": "AUC001",
                    "countryProductTradableCode": "HK"
                },
                {
                    "productCodeAlternativeClassificationCode": "W",
                    "productAlternativeNumber": "50359904",
                    "countryProductTradableCode": "HK"
                }
            ],
            "holdingDetailInformation": [
                {
                    "productHoldingQuantityCount": 0.000000,
                    "currencyProductMarketPriceCode": "HKD",
                    "currencyProductCode": "HKD",
                    "yieldAnnualPotentialPercent": 10.000,
                    "productDepositHoldingCode": "0003",
                    "allowBuyProductIndicator": "N",
                    "allowBuyAmountProductIndicator": "N",
                    "allowBuyUnitProductIndicator": "N",
                    "allowSellProductIndicator": "N",
                    "allowSellAmountProductIndicator": "N",
                    "allowSellUnitProductIndicator": "N",
                    "allowTradeMonthlyInvestmentProgramProductIndicator": "N",
                    "allowSellMonthlyInvestmentProgramAmountProductIndicator": "N",
                    "allowSellMonthlyInvestmentProgramUnitProductIndicator": "N",
                    "allowSwitchInProductIndicator": "N",
                    "allowSwitchInAmountProductIndicator": "N",
                    "allowSwitchInUnitProductIndicator": "N",
                    "allowSwitchOutProductIndicator": "N",
                    "allowSwitchOutAmountProductIndicator": "N",
                    "allowSwitchOutUnitProductIndicator": "N",
                    "markToMarketIndicator": "N",
                    "watchItemIdentifier": 0,
                    "holdingDetailMultipleCurrencyInformation": [
                        {
                            "currencyTypeCode": "LOCAL",
                            "currencyProductHoldingMarketValueAmountCode": "HKD",
                            "productHoldingMarketValueAmount": 10000.000,
                            "currencyProductHoldingBookValueAmountCode": "HKD",
                            "productHoldingBookValueAmount": 10000.000
                        },
                        {
                            "currencyTypeCode": "PRODUCT",
                            "currencyProductHoldingMarketValueAmountCode": "HKD",
                            "productHoldingMarketValueAmount": 10000.000,
                            "currencyProductHoldingBookValueAmountCode": "HKD",
                            "productHoldingBookValueAmount": 10000.000,
                            "currencyForecastIncomeAmountCode": "HKD",
                            "forecastIncomeAmount": 0.000
                        },
                        {
                            "currencyTypeCode": "ACCOUNT",
                            "currencyProductHoldingMarketValueAmountCode": "HKD",
                            "productHoldingMarketValueAmount": 10000.000,
                            "currencyProductHoldingBookValueAmountCode": "HKD",
                            "productHoldingBookValueAmount": 10000.000
                        },
                        {
                            "currencyTypeCode": "CNY",
                            "currencyProductHoldingMarketValueAmountCode": "CNY",
                            "productHoldingMarketValueAmount": 8883.528,
                            "currencyProductHoldingBookValueAmountCode": "CNY",
                            "productHoldingBookValueAmount": 8883.528
                        },
                        {
                            "currencyTypeCode": "USD",
                            "currencyProductHoldingMarketValueAmountCode": "USD",
                            "productHoldingMarketValueAmount": 1289.657,
                            "currencyProductHoldingBookValueAmountCode": "USD",
                            "productHoldingBookValueAmount": 1289.657
                        }
                    ],
                    "minBuyAmount": 100,
                    "depositDate": "2020-11-10T00:00:00.000Z"
                }
            ],
            "holdingMaturityInformation": [
                {
                    "productMaturityDate": "2021-05-20T00:00:00.000Z",
                    "productPeriodText": "6M"
                }
            ],
            "holdingUnderlyingProdInformation": [
                {
                    "instrumentUnderlyingName": "AUD|USD",
                    "instrumentUnderlyingShortName": "AUD|USD"
                }
            ],
            "holdingBondProdInformation": [
                {
                    "bondOfTheMonthIndicator": "N"
                }
            ],
            "holdingFundProdInformation": [
                {
                    "riskLevelFundCode": 3,
                    "fundShortListedIndicator": "N"
                }
            ],
            "additionalHoldingInformation": []
        }
    ],
    "paginationResponse": [
        {
            "startDetail": "1",
            "endDetail": "6",
            "totalNumberOfRecords": 6,
            "pagingDirectionCode": " ",
            "numberOfRecords": 6
        }
    ],
    "sortingCriteria": [
        {
            "sortField": "PROD-CDE",
            "sortOrder": "+"
        }
    ]
}