{
  "responseCode": "000",
  "sessionInformation": {
    "requestIdentificationNumber": "4dtu6lp9jv9i",
    "recordUpdateLastDateTime": "2021-03-11T16:27:51.668Z"
  },
  "additionalScreenInformation": { "customerAgreementNotSignNumber": "" },
  "portfolioTotalInformation": [
    {
      "holdingBalanceTotalTypeCode": "INVT",
      "marginAccountIndicator": false,
      "portfolioTotalMultipleCurrencyInformation": [
        {
          "currencyTypeCode": "LOCAL",
          "currencyProductHoldingMarketValueAmountCode": "HKD",
          "productHoldingMarketValueAmount": 125000.0,
          "currencyProductHoldingBookValueAmountCode": "HKD",
          "productHoldingBookValueAmount": 120000.0,
          "currencyProfitLossUnrealizedAmountCode": "HKD",
          "profitLossUnrealizedAmount": 5000.0,
          "profitLossUnrealizedPercent": 4.167,
          "currencyIncomeProductAmountCode": "HKD",
          "incomeProductAmount": 0.0,
          "currencyIncomeCurrentPurchasePeriodCode": "HKD",
          "incomeCurrentPurchasePeriodAmount": 0.0,
          "currencyProfitLossUnrealizedIncludeIncomeCode": "HKD",
          "profitLossUnrealizedIncludeIncomeAmount": 5000.0,
          "profitLossUnrealizedIncludeIncomePercent": 4.167
        },
        {
          "currencyTypeCode": "ACCOUNT",
          "currencyProductHoldingMarketValueAmountCode": "HKD",
          "productHoldingMarketValueAmount": 125000.0,
          "currencyProductHoldingBookValueAmountCode": "HKD",
          "productHoldingBookValueAmount": 120000.0,
          "currencyProfitLossUnrealizedAmountCode": "HKD",
          "profitLossUnrealizedAmount": 5000.0,
          "profitLossUnrealizedPercent": 4.167,
          "currencyIncomeProductAmountCode": "HKD",
          "incomeProductAmount": 0.0,
          "currencyIncomeCurrentPurchasePeriodCode": "HKD",
          "incomeCurrentPurchasePeriodAmount": 0.0,
          "currencyProfitLossUnrealizedIncludeIncomeCode": "HKD",
          "profitLossUnrealizedIncludeIncomeAmount": 5000.0,
          "profitLossUnrealizedIncludeIncomePercent": 4.167
        },
        {
          "currencyTypeCode": "CNY",
          "currencyProductHoldingMarketValueAmountCode": "CNY",
          "productHoldingMarketValueAmount": 111044.1,
          "currencyProductHoldingBookValueAmountCode": "CNY",
          "productHoldingBookValueAmount": 106602.336,
          "currencyProfitLossUnrealizedAmountCode": "CNY",
          "profitLossUnrealizedAmount": 4441.764,
          "profitLossUnrealizedPercent": 4.167,
          "currencyIncomeProductAmountCode": "CNY",
          "incomeProductAmount": 0.0,
          "currencyIncomeCurrentPurchasePeriodCode": "CNY",
          "incomeCurrentPurchasePeriodAmount": 0.0,
          "currencyProfitLossUnrealizedIncludeIncomeCode": "CNY",
          "profitLossUnrealizedIncludeIncomeAmount": 4441.764,
          "profitLossUnrealizedIncludeIncomePercent": 4.167
        },
        {
          "currencyTypeCode": "USD",
          "currencyProductHoldingMarketValueAmountCode": "USD",
          "productHoldingMarketValueAmount": 16120.712,
          "currencyProductHoldingBookValueAmountCode": "USD",
          "productHoldingBookValueAmount": 15475.883,
          "currencyProfitLossUnrealizedAmountCode": "USD",
          "profitLossUnrealizedAmount": 644.828,
          "profitLossUnrealizedPercent": 4.167,
          "currencyIncomeProductAmountCode": "USD",
          "incomeProductAmount": 0.0,
          "currencyIncomeCurrentPurchasePeriodCode": "USD",
          "incomeCurrentPurchasePeriodAmount": 0.0,
          "currencyProfitLossUnrealizedIncludeIncomeCode": "USD",
          "profitLossUnrealizedIncludeIncomeAmount": 644.828,
          "profitLossUnrealizedIncludeIncomePercent": 4.167
        }
      ]
    },
    {
      "holdingBalanceTotalTypeCode": "TOTAL",
      "marginAccountIndicator": false,
      "portfolioTotalMultipleCurrencyInformation": [
        {
          "currencyTypeCode": "LOCAL",
          "currencyProductHoldingMarketValueAmountCode": "HKD",
          "productHoldingMarketValueAmount": 125000.0,
          "currencyProductHoldingBookValueAmountCode": "HKD",
          "productHoldingBookValueAmount": 120000.0,
          "currencyProfitLossUnrealizedAmountCode": "HKD",
          "profitLossUnrealizedAmount": 5000.0,
          "profitLossUnrealizedPercent": 4.167,
          "currencyAssetMarketValueCode": "HKD",
          "assetMarketValueAmount": 125000.0,
          "currencyLiabilityMarketValueCode": "HKD",
          "liabilityMarketValueAmount": 0.0
        },
        {
          "currencyTypeCode": "ACCOUNT",
          "currencyProductHoldingMarketValueAmountCode": "HKD",
          "productHoldingMarketValueAmount": 125000.0,
          "currencyProductHoldingBookValueAmountCode": "HKD",
          "productHoldingBookValueAmount": 120000.0,
          "currencyProfitLossUnrealizedAmountCode": "HKD",
          "profitLossUnrealizedAmount": 5000.0,
          "profitLossUnrealizedPercent": 4.167,
          "currencyAssetMarketValueCode": "HKD",
          "assetMarketValueAmount": 125000.0,
          "currencyLiabilityMarketValueCode": "HKD",
          "liabilityMarketValueAmount": 0.0
        },
        {
          "currencyTypeCode": "CNY",
          "currencyProductHoldingMarketValueAmountCode": "CNY",
          "productHoldingMarketValueAmount": 111044.1,
          "currencyProductHoldingBookValueAmountCode": "CNY",
          "productHoldingBookValueAmount": 106602.336,
          "currencyProfitLossUnrealizedAmountCode": "CNY",
          "profitLossUnrealizedAmount": 4441.764,
          "profitLossUnrealizedPercent": 4.167,
          "currencyAssetMarketValueCode": "CNY",
          "assetMarketValueAmount": 111044.1,
          "currencyLiabilityMarketValueCode": "CNY",
          "liabilityMarketValueAmount": 0.0
        },
        {
          "currencyTypeCode": "USD",
          "currencyProductHoldingMarketValueAmountCode": "USD",
          "productHoldingMarketValueAmount": 16120.712,
          "currencyProductHoldingBookValueAmountCode": "USD",
          "productHoldingBookValueAmount": 15475.883,
          "currencyProfitLossUnrealizedAmountCode": "USD",
          "profitLossUnrealizedAmount": 644.828,
          "profitLossUnrealizedPercent": 4.167,
          "currencyAssetMarketValueCode": "USD",
          "assetMarketValueAmount": 16120.712,
          "currencyLiabilityMarketValueCode": "USD",
          "liabilityMarketValueAmount": 0.0
        }
      ],
      "portfolioTotalCurrencyGroupInformation": [
        {
          "currencyProductHoldingMarketValueAmountCode": "HKD",
          "productHoldingMarketValueAmount": 125000.0
        },
        {
          "currencyProductHoldingMarketValueAmountCode": "USD",
          "productHoldingMarketValueAmount": 0.0
        }
      ]
    }
  ],
  "portfolioDetailInformation": [
    {
      "holdingBalanceTotalTypeCode": "INVT",
      "productDashboardTypeCode": "SI",
      "timeZoneDisplayCode": "Asia/Hong_Kong",
      "portfolioDetailMultipleCurrencyInformation": [
        {
          "currencyTypeCode": "LOCAL",
          "currencyProductHoldingMarketValueAmountCode": "HKD",
          "productHoldingMarketValueAmount": 125000.0,
          "currencyProductHoldingBookValueAmountCode": "HKD",
          "productHoldingBookValueAmount": 120000.0,
          "currencyIncomeProductAmountCode": "HKD",
          "incomeProductAmount": 0.0,
          "currencyProfitLossRealizedIncludeIncomeCode": "HKD",
          "profitLossRealizedIncludeIncomeAmount": 0.0,
          "profitLossRealizedIncludeIncomePercent": 0.0,
          "currencyIncomeCurrentPurchasePeriodCode": "HKD",
          "incomeCurrentPurchasePeriodAmount": 0.0,
          "currencyProfitLossUnrealizedIncludeIncomeCode": "HKD",
          "profitLossUnrealizedIncludeIncomeAmount": 0.0,
          "profitLossUnrealizedIncludeIncomePercent": 0.0
        },
        {
          "currencyTypeCode": "ACCOUNT",
          "currencyProductHoldingMarketValueAmountCode": "HKD",
          "productHoldingMarketValueAmount": 125000.0,
          "currencyProductHoldingBookValueAmountCode": "HKD",
          "productHoldingBookValueAmount": 120000.0,
          "currencyIncomeProductAmountCode": "HKD",
          "incomeProductAmount": 0.0,
          "currencyProfitLossRealizedIncludeIncomeCode": "HKD",
          "profitLossRealizedIncludeIncomeAmount": 0.0,
          "profitLossRealizedIncludeIncomePercent": 0.0,
          "currencyIncomeCurrentPurchasePeriodCode": "HKD",
          "incomeCurrentPurchasePeriodAmount": 0.0,
          "currencyProfitLossUnrealizedIncludeIncomeCode": "HKD",
          "profitLossUnrealizedIncludeIncomeAmount": 0.0,
          "profitLossUnrealizedIncludeIncomePercent": 0.0
        },
        {
          "currencyTypeCode": "CNY",
          "currencyProductHoldingMarketValueAmountCode": "CNY",
          "productHoldingMarketValueAmount": 111044.1,
          "currencyProductHoldingBookValueAmountCode": "CNY",
          "productHoldingBookValueAmount": 106602.336,
          "currencyIncomeProductAmountCode": "CNY",
          "incomeProductAmount": 0.0,
          "currencyProfitLossRealizedIncludeIncomeCode": "CNY",
          "profitLossRealizedIncludeIncomeAmount": 0.0,
          "profitLossRealizedIncludeIncomePercent": 0.0,
          "currencyIncomeCurrentPurchasePeriodCode": "CNY",
          "incomeCurrentPurchasePeriodAmount": 0.0,
          "currencyProfitLossUnrealizedIncludeIncomeCode": "CNY",
          "profitLossUnrealizedIncludeIncomeAmount": 0.0,
          "profitLossUnrealizedIncludeIncomePercent": 0.0
        },
        {
          "currencyTypeCode": "USD",
          "currencyProductHoldingMarketValueAmountCode": "USD",
          "productHoldingMarketValueAmount": 16120.712,
          "currencyProductHoldingBookValueAmountCode": "USD",
          "productHoldingBookValueAmount": 15475.883,
          "currencyIncomeProductAmountCode": "USD",
          "incomeProductAmount": 0.0,
          "currencyProfitLossRealizedIncludeIncomeCode": "USD",
          "profitLossRealizedIncludeIncomeAmount": 0.0,
          "profitLossRealizedIncludeIncomePercent": 0.0,
          "currencyIncomeCurrentPurchasePeriodCode": "USD",
          "incomeCurrentPurchasePeriodAmount": 0.0,
          "currencyProfitLossUnrealizedIncludeIncomeCode": "USD",
          "profitLossUnrealizedIncludeIncomeAmount": 0.0,
          "profitLossUnrealizedIncludeIncomePercent": 0.0
        }
      ],
      "productHoldingMarketValuePercent": 100.0
    }
  ],
  "subPortfolioDetailInformation": [
    {
      "holdingBalanceTotalTypeCode": "INVT",
      "productDashboardTypeCode": "SI",
      "productDashboardSubTypeCode": "ELI",
      "timeZoneDisplayCode": "Asia/Hong_Kong",
      "productHoldingMarketValuePercent": 4.0,
      "subPortfolioDetailMultipleCurrencyInformation": [
        {
          "currencyTypeCode": "LOCAL",
          "currencyProductHoldingMarketValueAmountCode": "HKD",
          "productHoldingMarketValueAmount": 5000.0,
          "currencyProductHoldingBookValueAmountCode": "HKD",
          "productHoldingBookValueAmount": 0.0,
          "currencyIncomeProductAmountCode": "HKD",
          "incomeProductAmount": 0.0,
          "currencyIncomeCurrentPurchasePeriodCode": "HKD",
          "incomeCurrentPurchasePeriodAmount": 0.0,
          "currencyProfitLossUnrealizedIncludeIncomeCode": "HKD",
          "profitLossUnrealizedIncludeIncomeAmount": 0.0
        },
        {
          "currencyTypeCode": "ACCOUNT",
          "currencyProductHoldingMarketValueAmountCode": "HKD",
          "productHoldingMarketValueAmount": 5000.0,
          "currencyProductHoldingBookValueAmountCode": "HKD",
          "productHoldingBookValueAmount": 0.0,
          "currencyIncomeProductAmountCode": "HKD",
          "incomeProductAmount": 0.0,
          "currencyIncomeCurrentPurchasePeriodCode": "HKD",
          "incomeCurrentPurchasePeriodAmount": 0.0,
          "currencyProfitLossUnrealizedIncludeIncomeCode": "HKD",
          "profitLossUnrealizedIncludeIncomeAmount": 0.0
        },
        {
          "currencyTypeCode": "CNY",
          "currencyProductHoldingMarketValueAmountCode": "CNY",
          "productHoldingMarketValueAmount": 4441.764,
          "currencyProductHoldingBookValueAmountCode": "CNY",
          "productHoldingBookValueAmount": 0.0,
          "currencyIncomeProductAmountCode": "CNY",
          "incomeProductAmount": 0.0,
          "currencyIncomeCurrentPurchasePeriodCode": "CNY",
          "incomeCurrentPurchasePeriodAmount": 0.0,
          "currencyProfitLossUnrealizedIncludeIncomeCode": "CNY",
          "profitLossUnrealizedIncludeIncomeAmount": 0.0
        },
        {
          "currencyTypeCode": "USD",
          "currencyProductHoldingMarketValueAmountCode": "USD",
          "productHoldingMarketValueAmount": 644.828,
          "currencyProductHoldingBookValueAmountCode": "USD",
          "productHoldingBookValueAmount": 0.0,
          "currencyIncomeProductAmountCode": "USD",
          "incomeProductAmount": 0.0,
          "currencyIncomeCurrentPurchasePeriodCode": "USD",
          "incomeCurrentPurchasePeriodAmount": 0.0,
          "currencyProfitLossUnrealizedIncludeIncomeCode": "USD",
          "profitLossUnrealizedIncludeIncomeAmount": 0.0
        }
      ]
    },
    {
      "holdingBalanceTotalTypeCode": "INVT",
      "productDashboardTypeCode": "SI",
      "productDashboardSubTypeCode": "DPS",
      "timeZoneDisplayCode": "Asia/Hong_Kong",
      "productHoldingMarketValuePercent": 16.0,
      "subPortfolioDetailMultipleCurrencyInformation": [
        {
          "currencyTypeCode": "LOCAL",
          "currencyProductHoldingMarketValueAmountCode": "HKD",
          "productHoldingMarketValueAmount": 20000.0,
          "currencyProductHoldingBookValueAmountCode": "HKD",
          "productHoldingBookValueAmount": 20000.0
        },
        {
          "currencyTypeCode": "ACCOUNT",
          "currencyProductHoldingMarketValueAmountCode": "HKD",
          "productHoldingMarketValueAmount": 20000.0,
          "currencyProductHoldingBookValueAmountCode": "HKD",
          "productHoldingBookValueAmount": 20000.0
        },
        {
          "currencyTypeCode": "CNY",
          "currencyProductHoldingMarketValueAmountCode": "CNY",
          "productHoldingMarketValueAmount": 17767.056,
          "currencyProductHoldingBookValueAmountCode": "CNY",
          "productHoldingBookValueAmount": 17767.056
        },
        {
          "currencyTypeCode": "USD",
          "currencyProductHoldingMarketValueAmountCode": "USD",
          "productHoldingMarketValueAmount": 2579.314,
          "currencyProductHoldingBookValueAmountCode": "USD",
          "productHoldingBookValueAmount": 2579.314
        }
      ]
    },
    {
      "holdingBalanceTotalTypeCode": "INVT",
      "productDashboardTypeCode": "SI",
      "productDashboardSubTypeCode": "SID",
      "timeZoneDisplayCode": "Asia/Hong_Kong",
      "productHoldingMarketValuePercent": 80.0,
      "subPortfolioDetailMultipleCurrencyInformation": [
        {
          "currencyTypeCode": "LOCAL",
          "currencyProductHoldingMarketValueAmountCode": "HKD",
          "productHoldingMarketValueAmount": 100000.0,
          "currencyProductHoldingBookValueAmountCode": "HKD",
          "productHoldingBookValueAmount": 100000.0
        },
        {
          "currencyTypeCode": "ACCOUNT",
          "currencyProductHoldingMarketValueAmountCode": "HKD",
          "productHoldingMarketValueAmount": 100000.0,
          "currencyProductHoldingBookValueAmountCode": "HKD",
          "productHoldingBookValueAmount": 100000.0
        },
        {
          "currencyTypeCode": "CNY",
          "currencyProductHoldingMarketValueAmountCode": "CNY",
          "productHoldingMarketValueAmount": 88835.28,
          "currencyProductHoldingBookValueAmountCode": "CNY",
          "productHoldingBookValueAmount": 88835.28
        },
        {
          "currencyTypeCode": "USD",
          "currencyProductHoldingMarketValueAmountCode": "USD",
          "productHoldingMarketValueAmount": 12896.57,
          "currencyProductHoldingBookValueAmountCode": "USD",
          "productHoldingBookValueAmount": 12896.57
        }
      ]
    }
  ],
  "otherHoldingAdditionalInformation": {
    "maxOtherAssetCountIndicator": false,
    "maxOtherLiabilityCountIndicator": false,
    "maxOtherInsuranceCountIndicator": false
  },
  "holdingOrderInformation": [
    {
      "productDashboardTypeCode": "SI",
      "productDashboardSubTypeCode": "DPS",
      "productTypeCode": "DPS",
      "productSubtypeCode": "DCPNSTP",
      "accountTypeCode": "TDP",
      "accountProductTypeCode": "AV",
      "groupMemberCode": "HBAP",
      "productAlternativeNumber": "005292560888",
      "productCode": "50169479",
      "productCodeAlternativeClassificationCode": "H",
      "countryProductTradableCode": "HK",
      "currencyProductCode": "HKD",
      "productShortName": "Dual Ccy Deposit (AUD/HKD)",
      "productName": "Dual Currency Deposit (AUD/HKD)",
      "productStatusCode": "A",
      "responseRecordTypeCode": "HLDNG",
      "timeZoneDisplayCode": "Asia/Hong_Kong",
      "allowShowTransactionIndicator": "Y",
      "productPriceDivisorAmount": 100,
      "productIdInformation": [
        {
          "productCodeAlternativeClassificationCode": "M",
          "productAlternativeNumber": "DPS01BASIC0HKDAUD00000M",
          "countryProductTradableCode": "HK"
        },
        {
          "productCodeAlternativeClassificationCode": "P",
          "productAlternativeNumber": "DPS01BASIC0HKDAUD00000M",
          "countryProductTradableCode": "HK"
        },
        {
          "productCodeAlternativeClassificationCode": "W",
          "productAlternativeNumber": "50169479",
          "countryProductTradableCode": "HK"
        }
      ],
      "holdingDetailInformation": [
        {
          "productHoldingQuantityCount": 0.0,
          "currencyProductMarketPriceCode": "HKD",
          "currencyProductCode": "HKD",
          "currencyLinkDepositCode": "AUD",
          "productDepositHoldingCode": "0021",
          "allowBuyProductIndicator": "Y",
          "allowBuyAmountProductIndicator": "N",
          "allowBuyUnitProductIndicator": "N",
          "allowSellProductIndicator": "N",
          "allowSellAmountProductIndicator": "N",
          "allowSellUnitProductIndicator": "N",
          "allowTradeMonthlyInvestmentProgramProductIndicator": "N",
          "allowSellMonthlyInvestmentProgramAmountProductIndicator": "N",
          "allowSellMonthlyInvestmentProgramUnitProductIndicator": "N",
          "allowSwitchInProductIndicator": "N",
          "allowSwitchInAmountProductIndicator": "N",
          "allowSwitchInUnitProductIndicator": "N",
          "allowSwitchOutProductIndicator": "N",
          "allowSwitchOutAmountProductIndicator": "N",
          "allowSwitchOutUnitProductIndicator": "N",
          "markToMarketIndicator": "N",
          "watchItemIdentifier": 0,
          "holdingDetailMultipleCurrencyInformation": [
            {
              "currencyTypeCode": "LOCAL",
              "currencyProductHoldingMarketValueAmountCode": "HKD",
              "productHoldingMarketValueAmount": 10000.0,
              "currencyProductHoldingBookValueAmountCode": "HKD",
              "productHoldingBookValueAmount": 10000.0
            },
            {
              "currencyTypeCode": "PRODUCT",
              "currencyProductHoldingMarketValueAmountCode": "HKD",
              "productHoldingMarketValueAmount": 10000.0,
              "currencyProductHoldingBookValueAmountCode": "HKD",
              "productHoldingBookValueAmount": 10000.0,
              "currencyForecastIncomeAmountCode": "HKD",
              "forecastIncomeAmount": 0.0
            },
            {
              "currencyTypeCode": "ACCOUNT",
              "currencyProductHoldingMarketValueAmountCode": "HKD",
              "productHoldingMarketValueAmount": 10000.0,
              "currencyProductHoldingBookValueAmountCode": "HKD",
              "productHoldingBookValueAmount": 10000.0
            },
            {
              "currencyTypeCode": "CNY",
              "currencyProductHoldingMarketValueAmountCode": "CNY",
              "productHoldingMarketValueAmount": 8883.528,
              "currencyProductHoldingBookValueAmountCode": "CNY",
              "productHoldingBookValueAmount": 8883.528
            },
            {
              "currencyTypeCode": "USD",
              "currencyProductHoldingMarketValueAmountCode": "USD",
              "productHoldingMarketValueAmount": 1289.657,
              "currencyProductHoldingBookValueAmountCode": "USD",
              "productHoldingBookValueAmount": 1289.657
            }
          ],
          "minBuyAmount": 50000
        }
      ],
      "holdingMaturityInformation": [
        {
          "productMaturityDate": "2021-03-05T00:00:00.000Z",
          "productPeriodText": "7D"
        }
      ],
      "holdingBondProdInformation": [
        { "bondOfTheMonthIndicator": "N", "bondTopSellIndicator": "N" }
      ],
      "holdingFundProdInformation": [
        {
          "riskLevelFundCode": 2,
          "topPerformanceFundIndicator": "N",
          "topSellFundIndicator": "N",
          "fundShortListedIndicator": "N"
        }
      ],
      "additionalHoldingInformation": []
    },
    {
      "productDashboardTypeCode": "SI",
      "productDashboardSubTypeCode": "DPS",
      "productTypeCode": "DPS",
      "productSubtypeCode": "DCPNSTP",
      "accountTypeCode": "TDP",
      "accountProductTypeCode": "AV",
      "groupMemberCode": "HBAP",
      "productAlternativeNumber": "005292560888",
      "productCode": "50169479",
      "productCodeAlternativeClassificationCode": "H",
      "countryProductTradableCode": "HK",
      "currencyProductCode": "HKD",
      "productShortName": "Dual Ccy Deposit (AUD/HKD)",
      "productName": "Dual Currency Deposit (AUD/HKD)",
      "productStatusCode": "A",
      "responseRecordTypeCode": "HLDNG",
      "timeZoneDisplayCode": "Asia/Hong_Kong",
      "allowShowTransactionIndicator": "Y",
      "productPriceDivisorAmount": 100,
      "productIdInformation": [
        {
          "productCodeAlternativeClassificationCode": "M",
          "productAlternativeNumber": "DPS01BASIC0HKDAUD00000M",
          "countryProductTradableCode": "HK"
        },
        {
          "productCodeAlternativeClassificationCode": "P",
          "productAlternativeNumber": "DPS01BASIC0HKDAUD00000M",
          "countryProductTradableCode": "HK"
        },
        {
          "productCodeAlternativeClassificationCode": "W",
          "productAlternativeNumber": "50169479",
          "countryProductTradableCode": "HK"
        }
      ],
      "holdingDetailInformation": [
        {
          "productHoldingQuantityCount": 0.0,
          "currencyProductMarketPriceCode": "HKD",
          "currencyProductCode": "HKD",
          "currencyLinkDepositCode": "AUD",
          "productDepositHoldingCode": "0023",
          "allowBuyProductIndicator": "Y",
          "allowBuyAmountProductIndicator": "N",
          "allowBuyUnitProductIndicator": "N",
          "allowSellProductIndicator": "N",
          "allowSellAmountProductIndicator": "N",
          "allowSellUnitProductIndicator": "N",
          "allowTradeMonthlyInvestmentProgramProductIndicator": "N",
          "allowSellMonthlyInvestmentProgramAmountProductIndicator": "N",
          "allowSellMonthlyInvestmentProgramUnitProductIndicator": "N",
          "allowSwitchInProductIndicator": "N",
          "allowSwitchInAmountProductIndicator": "N",
          "allowSwitchInUnitProductIndicator": "N",
          "allowSwitchOutProductIndicator": "N",
          "allowSwitchOutAmountProductIndicator": "N",
          "allowSwitchOutUnitProductIndicator": "N",
          "markToMarketIndicator": "N",
          "watchItemIdentifier": 0,
          "holdingDetailMultipleCurrencyInformation": [
            {
              "currencyTypeCode": "LOCAL",
              "currencyProductHoldingMarketValueAmountCode": "HKD",
              "productHoldingMarketValueAmount": 0.0,
              "currencyProductHoldingBookValueAmountCode": "HKD",
              "productHoldingBookValueAmount": 0.0
            },
            {
              "currencyTypeCode": "PRODUCT",
              "currencyProductHoldingMarketValueAmountCode": "HKD",
              "productHoldingMarketValueAmount": 0.0,
              "currencyProductHoldingBookValueAmountCode": "HKD",
              "productHoldingBookValueAmount": 0.0,
              "currencyForecastIncomeAmountCode": "HKD",
              "forecastIncomeAmount": 0.0
            },
            {
              "currencyTypeCode": "ACCOUNT",
              "currencyProductHoldingMarketValueAmountCode": "HKD",
              "productHoldingMarketValueAmount": 0.0,
              "currencyProductHoldingBookValueAmountCode": "HKD",
              "productHoldingBookValueAmount": 0.0
            },
            {
              "currencyTypeCode": "CNY",
              "currencyProductHoldingMarketValueAmountCode": "CNY",
              "productHoldingMarketValueAmount": 0.0,
              "currencyProductHoldingBookValueAmountCode": "CNY",
              "productHoldingBookValueAmount": 0.0
            },
            {
              "currencyTypeCode": "USD",
              "currencyProductHoldingMarketValueAmountCode": "USD",
              "productHoldingMarketValueAmount": 0.0,
              "currencyProductHoldingBookValueAmountCode": "USD",
              "productHoldingBookValueAmount": 0.0
            }
          ],
          "minBuyAmount": 50000
        }
      ],
      "holdingMaturityInformation": [
        {
          "productMaturityDate": "2021-03-09T00:00:00.000Z",
          "productPeriodText": "7D"
        }
      ],
      "holdingBondProdInformation": [
        { "bondOfTheMonthIndicator": "N", "bondTopSellIndicator": "N" }
      ],
      "holdingFundProdInformation": [
        {
          "riskLevelFundCode": 2,
          "topPerformanceFundIndicator": "N",
          "topSellFundIndicator": "N",
          "fundShortListedIndicator": "N"
        }
      ],
      "additionalHoldingInformation": []
    },
    {
      "productDashboardTypeCode": "SI",
      "productDashboardSubTypeCode": "DPS",
      "productTypeCode": "DPS",
      "productSubtypeCode": "DCPNSTP",
      "accountTypeCode": "TDP",
      "accountProductTypeCode": "AV",
      "groupMemberCode": "HBAP",
      "productAlternativeNumber": "005292560888",
      "productCode": "50169479",
      "productCodeAlternativeClassificationCode": "H",
      "countryProductTradableCode": "HK",
      "currencyProductCode": "HKD",
      "productShortName": "Dual Ccy Deposit (AUD/HKD)",
      "productName": "Dual Currency Deposit (AUD/HKD)",
      "productStatusCode": "A",
      "responseRecordTypeCode": "HLDNG",
      "timeZoneDisplayCode": "Asia/Hong_Kong",
      "allowShowTransactionIndicator": "Y",
      "productPriceDivisorAmount": 100,
      "productIdInformation": [
        {
          "productCodeAlternativeClassificationCode": "M",
          "productAlternativeNumber": "DPS01BASIC0HKDAUD00000M",
          "countryProductTradableCode": "HK"
        },
        {
          "productCodeAlternativeClassificationCode": "P",
          "productAlternativeNumber": "DPS01BASIC0HKDAUD00000M",
          "countryProductTradableCode": "HK"
        },
        {
          "productCodeAlternativeClassificationCode": "W",
          "productAlternativeNumber": "50169479",
          "countryProductTradableCode": "HK"
        }
      ],
      "holdingDetailInformation": [
        {
          "productHoldingQuantityCount": 0.0,
          "currencyProductMarketPriceCode": "HKD",
          "currencyProductCode": "HKD",
          "currencyLinkDepositCode": "AUD",
          "productDepositHoldingCode": "0027",
          "allowBuyProductIndicator": "Y",
          "allowBuyAmountProductIndicator": "N",
          "allowBuyUnitProductIndicator": "N",
          "allowSellProductIndicator": "N",
          "allowSellAmountProductIndicator": "N",
          "allowSellUnitProductIndicator": "N",
          "allowTradeMonthlyInvestmentProgramProductIndicator": "N",
          "allowSellMonthlyInvestmentProgramAmountProductIndicator": "N",
          "allowSellMonthlyInvestmentProgramUnitProductIndicator": "N",
          "allowSwitchInProductIndicator": "N",
          "allowSwitchInAmountProductIndicator": "N",
          "allowSwitchInUnitProductIndicator": "N",
          "allowSwitchOutProductIndicator": "N",
          "allowSwitchOutAmountProductIndicator": "N",
          "allowSwitchOutUnitProductIndicator": "N",
          "markToMarketIndicator": "N",
          "watchItemIdentifier": 0,
          "holdingDetailMultipleCurrencyInformation": [
            {
              "currencyTypeCode": "LOCAL",
              "currencyProductHoldingMarketValueAmountCode": "HKD",
              "productHoldingMarketValueAmount": 0.0,
              "currencyProductHoldingBookValueAmountCode": "HKD",
              "productHoldingBookValueAmount": 0.0
            },
            {
              "currencyTypeCode": "PRODUCT",
              "currencyProductHoldingMarketValueAmountCode": "HKD",
              "productHoldingMarketValueAmount": 0.0,
              "currencyProductHoldingBookValueAmountCode": "HKD",
              "productHoldingBookValueAmount": 0.0,
              "currencyForecastIncomeAmountCode": "HKD",
              "forecastIncomeAmount": 0.0
            },
            {
              "currencyTypeCode": "ACCOUNT",
              "currencyProductHoldingMarketValueAmountCode": "HKD",
              "productHoldingMarketValueAmount": 0.0,
              "currencyProductHoldingBookValueAmountCode": "HKD",
              "productHoldingBookValueAmount": 0.0
            },
            {
              "currencyTypeCode": "CNY",
              "currencyProductHoldingMarketValueAmountCode": "CNY",
              "productHoldingMarketValueAmount": 0.0,
              "currencyProductHoldingBookValueAmountCode": "CNY",
              "productHoldingBookValueAmount": 0.0
            },
            {
              "currencyTypeCode": "USD",
              "currencyProductHoldingMarketValueAmountCode": "USD",
              "productHoldingMarketValueAmount": 0.0,
              "currencyProductHoldingBookValueAmountCode": "USD",
              "productHoldingBookValueAmount": 0.0
            }
          ],
          "minBuyAmount": 50000
        }
      ],
      "holdingMaturityInformation": [
        {
          "productMaturityDate": "2021-03-16T00:00:00.000Z",
          "productPeriodText": "7D"
        }
      ],
      "holdingBondProdInformation": [
        { "bondOfTheMonthIndicator": "N", "bondTopSellIndicator": "N" }
      ],
      "holdingFundProdInformation": [
        {
          "riskLevelFundCode": 2,
          "topPerformanceFundIndicator": "N",
          "topSellFundIndicator": "N",
          "fundShortListedIndicator": "N"
        }
      ],
      "additionalHoldingInformation": []
    },
    {
      "productDashboardTypeCode": "SI",
      "productDashboardSubTypeCode": "DPS",
      "productTypeCode": "DPS",
      "productSubtypeCode": "DCPNSTP",
      "accountTypeCode": "TDP",
      "accountProductTypeCode": "AV",
      "groupMemberCode": "HBAP",
      "productAlternativeNumber": "001000884888",
      "productCode": "50169479",
      "productCodeAlternativeClassificationCode": "H",
      "countryProductTradableCode": "HK",
      "currencyProductCode": "HKD",
      "productShortName": "Dual Ccy Deposit (AUD/HKD)",
      "productName": "Dual Currency Deposit (AUD/HKD)",
      "productStatusCode": "A",
      "responseRecordTypeCode": "HLDNG",
      "timeZoneDisplayCode": "Asia/Hong_Kong",
      "allowShowTransactionIndicator": "Y",
      "productPriceDivisorAmount": 100,
      "productIdInformation": [
        {
          "productCodeAlternativeClassificationCode": "M",
          "productAlternativeNumber": "DPS01BASIC0HKDAUD00000M",
          "countryProductTradableCode": "HK"
        },
        {
          "productCodeAlternativeClassificationCode": "P",
          "productAlternativeNumber": "DPS01BASIC0HKDAUD00000M",
          "countryProductTradableCode": "HK"
        },
        {
          "productCodeAlternativeClassificationCode": "W",
          "productAlternativeNumber": "50169479",
          "countryProductTradableCode": "HK"
        }
      ],
      "holdingDetailInformation": [
        {
          "productHoldingQuantityCount": 0.0,
          "currencyProductMarketPriceCode": "HKD",
          "currencyProductCode": "HKD",
          "currencyLinkDepositCode": "AUD",
          "productDepositHoldingCode": "0001",
          "allowBuyProductIndicator": "Y",
          "allowBuyAmountProductIndicator": "N",
          "allowBuyUnitProductIndicator": "N",
          "allowSellProductIndicator": "N",
          "allowSellAmountProductIndicator": "N",
          "allowSellUnitProductIndicator": "N",
          "allowTradeMonthlyInvestmentProgramProductIndicator": "N",
          "allowSellMonthlyInvestmentProgramAmountProductIndicator": "N",
          "allowSellMonthlyInvestmentProgramUnitProductIndicator": "N",
          "allowSwitchInProductIndicator": "N",
          "allowSwitchInAmountProductIndicator": "N",
          "allowSwitchInUnitProductIndicator": "N",
          "allowSwitchOutProductIndicator": "N",
          "allowSwitchOutAmountProductIndicator": "N",
          "allowSwitchOutUnitProductIndicator": "N",
          "markToMarketIndicator": "N",
          "watchItemIdentifier": 0,
          "holdingDetailMultipleCurrencyInformation": [
            {
              "currencyTypeCode": "LOCAL",
              "currencyProductHoldingMarketValueAmountCode": "HKD",
              "productHoldingMarketValueAmount": 0.0,
              "currencyProductHoldingBookValueAmountCode": "HKD",
              "productHoldingBookValueAmount": 0.0
            },
            {
              "currencyTypeCode": "PRODUCT",
              "currencyProductHoldingMarketValueAmountCode": "HKD",
              "productHoldingMarketValueAmount": 0.0,
              "currencyProductHoldingBookValueAmountCode": "HKD",
              "productHoldingBookValueAmount": 0.0,
              "currencyForecastIncomeAmountCode": "HKD",
              "forecastIncomeAmount": 0.0
            },
            {
              "currencyTypeCode": "ACCOUNT",
              "currencyProductHoldingMarketValueAmountCode": "HKD",
              "productHoldingMarketValueAmount": 0.0,
              "currencyProductHoldingBookValueAmountCode": "HKD",
              "productHoldingBookValueAmount": 0.0
            },
            {
              "currencyTypeCode": "CNY",
              "currencyProductHoldingMarketValueAmountCode": "CNY",
              "productHoldingMarketValueAmount": 0.0,
              "currencyProductHoldingBookValueAmountCode": "CNY",
              "productHoldingBookValueAmount": 0.0
            },
            {
              "currencyTypeCode": "USD",
              "currencyProductHoldingMarketValueAmountCode": "USD",
              "productHoldingMarketValueAmount": 0.0,
              "currencyProductHoldingBookValueAmountCode": "USD",
              "productHoldingBookValueAmount": 0.0
            }
          ],
          "minBuyAmount": 50000
        }
      ],
      "holdingMaturityInformation": [
        {
          "productMaturityDate": "2021-02-01T00:00:00.000Z",
          "productPeriodText": "7D"
        }
      ],
      "holdingBondProdInformation": [
        { "bondOfTheMonthIndicator": "N", "bondTopSellIndicator": "N" }
      ],
      "holdingFundProdInformation": [
        {
          "riskLevelFundCode": 2,
          "topPerformanceFundIndicator": "N",
          "topSellFundIndicator": "N",
          "fundShortListedIndicator": "N"
        }
      ],
      "additionalHoldingInformation": []
    },
    {
      "productDashboardTypeCode": "SI",
      "productDashboardSubTypeCode": "DPS",
      "productTypeCode": "DPS",
      "productSubtypeCode": "DCPNSTP",
      "accountTypeCode": "TDP",
      "accountProductTypeCode": "AV",
      "groupMemberCode": "HBAP",
      "productAlternativeNumber": "001000884888",
      "productCode": "50169479",
      "productCodeAlternativeClassificationCode": "H",
      "countryProductTradableCode": "HK",
      "currencyProductCode": "HKD",
      "productShortName": "Dual Ccy Deposit (AUD/HKD)",
      "productName": "Dual Currency Deposit (AUD/HKD)",
      "productStatusCode": "A",
      "responseRecordTypeCode": "HLDNG",
      "timeZoneDisplayCode": "Asia/Hong_Kong",
      "allowShowTransactionIndicator": "Y",
      "productPriceDivisorAmount": 100,
      "productIdInformation": [
        {
          "productCodeAlternativeClassificationCode": "M",
          "productAlternativeNumber": "DPS01BASIC0HKDAUD00000M",
          "countryProductTradableCode": "HK"
        },
        {
          "productCodeAlternativeClassificationCode": "P",
          "productAlternativeNumber": "DPS01BASIC0HKDAUD00000M",
          "countryProductTradableCode": "HK"
        },
        {
          "productCodeAlternativeClassificationCode": "W",
          "productAlternativeNumber": "50169479",
          "countryProductTradableCode": "HK"
        }
      ],
      "holdingDetailInformation": [
        {
          "productHoldingQuantityCount": 0.0,
          "currencyProductMarketPriceCode": "HKD",
          "currencyProductCode": "HKD",
          "currencyLinkDepositCode": "AUD",
          "productDepositHoldingCode": "0002",
          "allowBuyProductIndicator": "Y",
          "allowBuyAmountProductIndicator": "N",
          "allowBuyUnitProductIndicator": "N",
          "allowSellProductIndicator": "N",
          "allowSellAmountProductIndicator": "N",
          "allowSellUnitProductIndicator": "N",
          "allowTradeMonthlyInvestmentProgramProductIndicator": "N",
          "allowSellMonthlyInvestmentProgramAmountProductIndicator": "N",
          "allowSellMonthlyInvestmentProgramUnitProductIndicator": "N",
          "allowSwitchInProductIndicator": "N",
          "allowSwitchInAmountProductIndicator": "N",
          "allowSwitchInUnitProductIndicator": "N",
          "allowSwitchOutProductIndicator": "N",
          "allowSwitchOutAmountProductIndicator": "N",
          "allowSwitchOutUnitProductIndicator": "N",
          "markToMarketIndicator": "N",
          "watchItemIdentifier": 0,
          "holdingDetailMultipleCurrencyInformation": [
            {
              "currencyTypeCode": "LOCAL",
              "currencyProductHoldingMarketValueAmountCode": "HKD",
              "productHoldingMarketValueAmount": 10000.0,
              "currencyProductHoldingBookValueAmountCode": "HKD",
              "productHoldingBookValueAmount": 10000.0
            },
            {
              "currencyTypeCode": "PRODUCT",
              "currencyProductHoldingMarketValueAmountCode": "HKD",
              "productHoldingMarketValueAmount": 10000.0,
              "currencyProductHoldingBookValueAmountCode": "HKD",
              "productHoldingBookValueAmount": 10000.0,
              "currencyForecastIncomeAmountCode": "HKD",
              "forecastIncomeAmount": 0.0
            },
            {
              "currencyTypeCode": "ACCOUNT",
              "currencyProductHoldingMarketValueAmountCode": "HKD",
              "productHoldingMarketValueAmount": 10000.0,
              "currencyProductHoldingBookValueAmountCode": "HKD",
              "productHoldingBookValueAmount": 10000.0
            },
            {
              "currencyTypeCode": "CNY",
              "currencyProductHoldingMarketValueAmountCode": "CNY",
              "productHoldingMarketValueAmount": 8883.528,
              "currencyProductHoldingBookValueAmountCode": "CNY",
              "productHoldingBookValueAmount": 8883.528
            },
            {
              "currencyTypeCode": "USD",
              "currencyProductHoldingMarketValueAmountCode": "USD",
              "productHoldingMarketValueAmount": 1289.657,
              "currencyProductHoldingBookValueAmountCode": "USD",
              "productHoldingBookValueAmount": 1289.657
            }
          ],
          "minBuyAmount": 50000
        }
      ],
      "holdingMaturityInformation": [
        {
          "productMaturityDate": "2021-01-28T00:00:00.000Z",
          "productPeriodText": "3M"
        }
      ],
      "holdingBondProdInformation": [
        { "bondOfTheMonthIndicator": "N", "bondTopSellIndicator": "N" }
      ],
      "holdingFundProdInformation": [
        {
          "riskLevelFundCode": 2,
          "topPerformanceFundIndicator": "N",
          "topSellFundIndicator": "N",
          "fundShortListedIndicator": "N"
        }
      ],
      "additionalHoldingInformation": []
    }
  ],
  "paginationResponse": [
    {
      "startDetail": "1",
      "endDetail": "5",
      "totalNumberOfRecords": 5,
      "pagingDirectionCode": " ",
      "numberOfRecords": 5
    }
  ],
  "sortingCriteria": [{ "sortField": "PROD-CDE", "sortOrder": "+" }]
}
