{
    "accountListGroups": [
        {
            "accountGroupIdentifier": "ACCTYPE",
            "accountSubGroupIdentifier": "TIMEDEPOSIT",
            "accountDetails": [
                {
                    "accountTypeCode": "TCP",
                    "currencyAccountCode": "HKD",
                    "accountProductTypeCode": "AV",
                    "accountControlNumber": null,
                    "accountNumberFormatted": "005-292560-888",
                    "accountNumber": "005292560888",
                    "accountNumberChecksum": "ad5a2f99380be21576c953ce604de8c368f8593b12b189205f7cf49c9828b641",
                    "accountNickName": "4T888HKDO      HKDAVTCP",
                    "accountGroupIdentifier": null,
                    "accountStatusCode": null,
                    "openClosedAccountStatusCode": null,
                    "jointAccountIndicator": null,
                    "jointRequestCustomerIndicator": null,
                    "accountOwners": null,
                    "additionalAccountInformations": null,
                    "multipleCurrencyInformation": []
                },
                {
                    "accountTypeCode": "TDP",
                    "currencyAccountCode": "HKD",
                    "accountProductTypeCode": "AV",
                    "accountControlNumber": null,
                    "accountNumberFormatted": "005-292560-888",
                    "accountNumber": "005292560888",
                    "accountNumberChecksum": "e8f0f086c6607f0c2d32488e96c8c534ba22d637d58c9717781d8f3501ddc354",
                    "accountNickName": "4T888HKDR      HKDAVTDP",
                    "accountGroupIdentifier": null,
                    "accountStatusCode": null,
                    "openClosedAccountStatusCode": null,
                    "jointAccountIndicator": null,
                    "jointRequestCustomerIndicator": null,
                    "accountOwners": null,
                    "additionalAccountInformations": null,
                    "multipleCurrencyInformation": []
                },
                {
                    "accountTypeCode": "TDP",
                    "currencyAccountCode": "HKD",
                    "accountProductTypeCode": "AV",
                    "accountControlNumber": null,
                    "accountNumberFormatted": "001-000884-888",
                    "accountNumber": "001000884888",
                    "accountNumberChecksum": "dcb8db2ef1c72085a9502ec69479737536002c6b5a18bf4d4f8837c2334cd656",
                    "accountNickName": "4T888HKDR      HKDAVTDP",
                    "accountGroupIdentifier": null,
                    "accountStatusCode": null,
                    "openClosedAccountStatusCode": null,
                    "jointAccountIndicator": null,
                    "jointRequestCustomerIndicator": null,
                    "accountOwners": null,
                    "additionalAccountInformations": null,
                    "multipleCurrencyInformation": []
                },
                {
                    "accountTypeCode": "TCP",
                    "currencyAccountCode": "HKD",
                    "accountProductTypeCode": "AV",
                    "accountControlNumber": null,
                    "accountNumberFormatted": "001-000884-888",
                    "accountNumber": "001000884888",
                    "accountNumberChecksum": "e28249cbc4d19b23f81aac11943208d0498253420e5785a2a6e7541c10721c82",
                    "accountNickName": "4T888HKDO      HKDAVTCP",
                    "accountGroupIdentifier": null,
                    "accountStatusCode": null,
                    "openClosedAccountStatusCode": null,
                    "jointAccountIndicator": null,
                    "jointRequestCustomerIndicator": null,
                    "accountOwners": null,
                    "additionalAccountInformations": null,
                    "multipleCurrencyInformation": []
                }
            ]
        },
        {
            "accountGroupIdentifier": "ACCTYPE",
            "accountSubGroupIdentifier": "INVESTMENT",
            "accountDetails": [
                {
                    "accountTypeCode": "IP2",
                    "currencyAccountCode": "HKD",
                    "accountProductTypeCode": "AV",
                    "accountControlNumber": null,
                    "accountNumberFormatted": "001-000884-888",
                    "accountNumber": "001000884888",
                    "accountNumberChecksum": "3235a8b6f4da7f7a9a38cc2525a9587fe9c21a6c519fbeb08237f4e23039bc5f",
                    "accountNickName": "2R888HKD       HKDAVIP2",
                    "accountGroupIdentifier": null,
                    "accountStatusCode": null,
                    "openClosedAccountStatusCode": null,
                    "jointAccountIndicator": null,
                    "jointRequestCustomerIndicator": null,
                    "accountOwners": null,
                    "additionalAccountInformations": null,
                    "multipleCurrencyInformation": [
                        {
                            "accountMarketValueAmount": 0,
                            "currencyAccountMarketValueCode": null,
                            "currencyTypeCode": "ACCOUNT"
                        }
                    ]
                },
                {
                    "accountTypeCode": "INV",
                    "currencyAccountCode": "HKD",
                    "accountProductTypeCode": "AV",
                    "accountControlNumber": null,
                    "accountNumberFormatted": "005-292560-888",
                    "accountNumber": "005292560888",
                    "accountNumberChecksum": "4902449b401560cee8f434af8923b57d59da62ed9af80c83731ca56cafe8f9ee",
                    "accountNickName": "2R888HKD       HKDAVINV",
                    "accountGroupIdentifier": null,
                    "accountStatusCode": null,
                    "openClosedAccountStatusCode": null,
                    "jointAccountIndicator": null,
                    "jointRequestCustomerIndicator": null,
                    "accountOwners": null,
                    "additionalAccountInformations": null,
                    "multipleCurrencyInformation": [
                        {
                            "accountMarketValueAmount": 19147347972.25,
                            "currencyAccountMarketValueCode": "HKD",
                            "currencyTypeCode": "ACCOUNT"
                        }
                    ]
                }
            ]
        }
    ],
    "responseCode": "000",
    "warningInfo": null,
    "errorInfo": null,
    "tackingNumbers": null,
    "reasonCodes": null
}