{
    "responseCode": "000",
    "sessionInformation": {
        "requestIdentificationNumber": "5eeir35fov5k",
        "recordUpdateLastDateTime": "2021-03-18T13:13:45.250Z"
    },
    "additionalScreenInformation": {
        "customerAgreementNotSignNumber": ""
    },
    "portfolioTotalInformation": [
        {
            "holdingBalanceTotalTypeCode": "INVT",
            "marginAccountIndicator": false,
            "portfolioTotalMultipleCurrencyInformation": [
                {
                    "currencyTypeCode": "LOCAL",
                    "currencyProductHoldingMarketValueAmountCode": "HKD",
                    "productHoldingMarketValueAmount": 1825801.920,
                    "currencyProductHoldingBookValueAmountCode": "HKD",
                    "productHoldingBookValueAmount": 2286540.082,
                    "currencyProfitLossUnrealizedAmountCode": "HKD",
                    "profitLossUnrealizedAmount": -460738.162,
                    "profitLossUnrealizedPercent": -20.150,
                    "currencyIncomeProductAmountCode": "HKD",
                    "incomeProductAmount": 0.000,
                    "currencyIncomeCurrentPurchasePeriodCode": "HKD",
                    "incomeCurrentPurchasePeriodAmount": 0.000,
                    "currencyProfitLossUnrealizedIncludeIncomeCode": "HKD",
                    "profitLossUnrealizedIncludeIncomeAmount": -460738.162,
                    "profitLossUnrealizedIncludeIncomePercent": -20.150
                },
                {
                    "currencyTypeCode": "ACCOUNT",
                    "currencyProductHoldingMarketValueAmountCode": "HKD",
                    "productHoldingMarketValueAmount": 1825801.920,
                    "currencyProductHoldingBookValueAmountCode": "HKD",
                    "productHoldingBookValueAmount": 2241900.082,
                    "currencyProfitLossUnrealizedAmountCode": "HKD",
                    "profitLossUnrealizedAmount": -416098.162,
                    "profitLossUnrealizedPercent": -18.560,
                    "currencyIncomeProductAmountCode": "HKD",
                    "incomeProductAmount": 0.000,
                    "currencyIncomeCurrentPurchasePeriodCode": "HKD",
                    "incomeCurrentPurchasePeriodAmount": 0.000,
                    "currencyProfitLossUnrealizedIncludeIncomeCode": "HKD",
                    "profitLossUnrealizedIncludeIncomeAmount": -416098.162,
                    "profitLossUnrealizedIncludeIncomePercent": -18.560
                },
                {
                    "currencyTypeCode": "CNY",
                    "currencyProductHoldingMarketValueAmountCode": "CNY",
                    "productHoldingMarketValueAmount": 1639143.834,
                    "currencyProductHoldingBookValueAmountCode": "CNY",
                    "productHoldingBookValueAmount": 1969232.664,
                    "currencyProfitLossUnrealizedAmountCode": "CNY",
                    "profitLossUnrealizedAmount": -330088.830,
                    "profitLossUnrealizedPercent": -16.762,
                    "currencyIncomeProductAmountCode": "CNY",
                    "incomeProductAmount": 0.000,
                    "currencyIncomeCurrentPurchasePeriodCode": "CNY",
                    "incomeCurrentPurchasePeriodAmount": 0.000,
                    "currencyProfitLossUnrealizedIncludeIncomeCode": "CNY",
                    "profitLossUnrealizedIncludeIncomeAmount": -330088.830,
                    "profitLossUnrealizedIncludeIncomePercent": -16.762
                },
                {
                    "currencyTypeCode": "USD",
                    "currencyProductHoldingMarketValueAmountCode": "USD",
                    "productHoldingMarketValueAmount": 237961.004,
                    "currencyProductHoldingBookValueAmountCode": "USD",
                    "productHoldingBookValueAmount": 285881.308,
                    "currencyProfitLossUnrealizedAmountCode": "USD",
                    "profitLossUnrealizedAmount": -47920.303,
                    "profitLossUnrealizedPercent": -16.762,
                    "currencyIncomeProductAmountCode": "USD",
                    "incomeProductAmount": 0.000,
                    "currencyIncomeCurrentPurchasePeriodCode": "USD",
                    "incomeCurrentPurchasePeriodAmount": 0.000,
                    "currencyProfitLossUnrealizedIncludeIncomeCode": "USD",
                    "profitLossUnrealizedIncludeIncomeAmount": -47920.303,
                    "profitLossUnrealizedIncludeIncomePercent": -16.762
                }
            ]
        },
        {
            "holdingBalanceTotalTypeCode": "TOTAL",
            "marginAccountIndicator": false,
            "portfolioTotalMultipleCurrencyInformation": [
                {
                    "currencyTypeCode": "LOCAL",
                    "currencyProductHoldingMarketValueAmountCode": "HKD",
                    "productHoldingMarketValueAmount": 1825801.920,
                    "currencyProductHoldingBookValueAmountCode": "HKD",
                    "productHoldingBookValueAmount": 2286540.082,
                    "currencyProfitLossUnrealizedAmountCode": "HKD",
                    "profitLossUnrealizedAmount": -460738.162,
                    "profitLossUnrealizedPercent": -20.150,
                    "currencyAssetMarketValueCode": "HKD",
                    "assetMarketValueAmount": 1825801.920,
                    "currencyLiabilityMarketValueCode": "HKD",
                    "liabilityMarketValueAmount": 0.000
                },
                {
                    "currencyTypeCode": "ACCOUNT",
                    "currencyProductHoldingMarketValueAmountCode": "HKD",
                    "productHoldingMarketValueAmount": 1825801.920,
                    "currencyProductHoldingBookValueAmountCode": "HKD",
                    "productHoldingBookValueAmount": 2241900.082,
                    "currencyProfitLossUnrealizedAmountCode": "HKD",
                    "profitLossUnrealizedAmount": -416098.162,
                    "profitLossUnrealizedPercent": -18.560,
                    "currencyAssetMarketValueCode": "HKD",
                    "assetMarketValueAmount": 1825801.920,
                    "currencyLiabilityMarketValueCode": "HKD",
                    "liabilityMarketValueAmount": 0.000
                },
                {
                    "currencyTypeCode": "CNY",
                    "currencyProductHoldingMarketValueAmountCode": "CNY",
                    "productHoldingMarketValueAmount": 1639143.834,
                    "currencyProductHoldingBookValueAmountCode": "CNY",
                    "productHoldingBookValueAmount": 1969232.664,
                    "currencyProfitLossUnrealizedAmountCode": "CNY",
                    "profitLossUnrealizedAmount": -330088.830,
                    "profitLossUnrealizedPercent": -16.762,
                    "currencyAssetMarketValueCode": "CNY",
                    "assetMarketValueAmount": 1639143.834,
                    "currencyLiabilityMarketValueCode": "CNY",
                    "liabilityMarketValueAmount": 0.000
                },
                {
                    "currencyTypeCode": "USD",
                    "currencyProductHoldingMarketValueAmountCode": "USD",
                    "productHoldingMarketValueAmount": 237961.004,
                    "currencyProductHoldingBookValueAmountCode": "USD",
                    "productHoldingBookValueAmount": 285881.308,
                    "currencyProfitLossUnrealizedAmountCode": "USD",
                    "profitLossUnrealizedAmount": -47920.303,
                    "profitLossUnrealizedPercent": -16.762,
                    "currencyAssetMarketValueCode": "USD",
                    "assetMarketValueAmount": 237961.004,
                    "currencyLiabilityMarketValueCode": "USD",
                    "liabilityMarketValueAmount": 0.000
                }
            ],
            "portfolioTotalCurrencyGroupInformation": [
                {
                    "currencyProductHoldingMarketValueAmountCode": "HKD",
                    "productHoldingMarketValueAmount": 422228.420
                },
                {
                    "currencyProductHoldingMarketValueAmountCode": "AUD",
                    "productHoldingMarketValueAmount": 6800.538
                },
                {
                    "currencyProductHoldingMarketValueAmountCode": "EUR",
                    "productHoldingMarketValueAmount": 977.312
                },
                {
                    "currencyProductHoldingMarketValueAmountCode": "GBP",
                    "productHoldingMarketValueAmount": 4215.878
                },
                {
                    "currencyProductHoldingMarketValueAmountCode": "USD",
                    "productHoldingMarketValueAmount": 168493.926
                },
                {
                    "currencyProductHoldingMarketValueAmountCode": "CAD",
                    "productHoldingMarketValueAmount": 708.942
                },
                {
                    "currencyProductHoldingMarketValueAmountCode": "CNY",
                    "productHoldingMarketValueAmount": 4428.697
                }
            ]
        }
    ],
    "portfolioDetailInformation": [
        {
            "holdingBalanceTotalTypeCode": "INVT",
            "productDashboardTypeCode": "UT",
            "priceLastUpdateDateTime": "2021-03-17T00:00:00.000Z",
            "timeZoneDisplayCode": "Asia/Hong_Kong",
            "portfolioDetailMultipleCurrencyInformation": [
                {
                    "currencyTypeCode": "LOCAL",
                    "currencyProductHoldingMarketValueAmountCode": "HKD",
                    "productHoldingMarketValueAmount": 1538901.802,
                    "currencyProductHoldingBookValueAmountCode": "HKD",
                    "productHoldingBookValueAmount": 2166540.082,
                    "currencyProfitLossUnrealizedAmountCode": "HKD",
                    "profitLossUnrealizedAmount": -627638.279,
                    "profitLossUnrealizedPercent": -28.970,
                    "currencyIncomeProductAmountCode": "HKD",
                    "incomeProductAmount": 0.000,
                    "currencyProfitLossRealizedIncludeIncomeCode": "HKD",
                    "profitLossRealizedIncludeIncomeAmount": 0.000,
                    "profitLossRealizedIncludeIncomePercent": 0.000,
                    "currencyIncomeCurrentPurchasePeriodCode": "HKD",
                    "incomeCurrentPurchasePeriodAmount": 0.000,
                    "currencyProfitLossUnrealizedIncludeIncomeCode": "HKD",
                    "profitLossUnrealizedIncludeIncomeAmount": -627638.279,
                    "profitLossUnrealizedIncludeIncomePercent": -28.970
                },
                {
                    "currencyTypeCode": "ACCOUNT",
                    "currencyProductHoldingMarketValueAmountCode": "HKD",
                    "productHoldingMarketValueAmount": 1538901.802,
                    "currencyProductHoldingBookValueAmountCode": "HKD",
                    "productHoldingBookValueAmount": 2121900.082,
                    "currencyProfitLossUnrealizedAmountCode": "HKD",
                    "profitLossUnrealizedAmount": -582998.279,
                    "profitLossUnrealizedPercent": -27.475,
                    "currencyIncomeProductAmountCode": "HKD",
                    "incomeProductAmount": 0.000,
                    "currencyProfitLossRealizedIncludeIncomeCode": "HKD",
                    "profitLossRealizedIncludeIncomeAmount": 0.000,
                    "profitLossRealizedIncludeIncomePercent": 0.000,
                    "currencyIncomeCurrentPurchasePeriodCode": "HKD",
                    "incomeCurrentPurchasePeriodAmount": 0.000,
                    "currencyProfitLossUnrealizedIncludeIncomeCode": "HKD",
                    "profitLossUnrealizedIncludeIncomeAmount": -582998.279,
                    "profitLossUnrealizedIncludeIncomePercent": -27.475
                },
                {
                    "currencyTypeCode": "CNY",
                    "currencyProductHoldingMarketValueAmountCode": "CNY",
                    "productHoldingMarketValueAmount": 1367206.354,
                    "currencyProductHoldingBookValueAmountCode": "CNY",
                    "productHoldingBookValueAmount": 1862630.328,
                    "currencyProfitLossUnrealizedAmountCode": "CNY",
                    "profitLossUnrealizedAmount": -495423.974,
                    "profitLossUnrealizedPercent": -26.598,
                    "currencyIncomeProductAmountCode": "CNY",
                    "incomeProductAmount": 0.000,
                    "currencyProfitLossRealizedIncludeIncomeCode": "CNY",
                    "profitLossRealizedIncludeIncomeAmount": 0.000,
                    "profitLossRealizedIncludeIncomePercent": 0.000,
                    "currencyIncomeCurrentPurchasePeriodCode": "CNY",
                    "incomeCurrentPurchasePeriodAmount": 0.000,
                    "currencyProfitLossUnrealizedIncludeIncomeCode": "CNY",
                    "profitLossUnrealizedIncludeIncomeAmount": -495423.974,
                    "profitLossUnrealizedIncludeIncomePercent": -26.598
                },
                {
                    "currencyTypeCode": "USD",
                    "currencyProductHoldingMarketValueAmountCode": "USD",
                    "productHoldingMarketValueAmount": 198482.763,
                    "currencyProductHoldingBookValueAmountCode": "USD",
                    "productHoldingBookValueAmount": 270405.424,
                    "currencyProfitLossUnrealizedAmountCode": "USD",
                    "profitLossUnrealizedAmount": -71922.661,
                    "profitLossUnrealizedPercent": -26.598,
                    "currencyIncomeProductAmountCode": "USD",
                    "incomeProductAmount": 0.000,
                    "currencyProfitLossRealizedIncludeIncomeCode": "USD",
                    "profitLossRealizedIncludeIncomeAmount": 0.000,
                    "profitLossRealizedIncludeIncomePercent": 0.000,
                    "currencyIncomeCurrentPurchasePeriodCode": "USD",
                    "incomeCurrentPurchasePeriodAmount": 0.000,
                    "currencyProfitLossUnrealizedIncludeIncomeCode": "USD",
                    "profitLossUnrealizedIncludeIncomeAmount": -71922.661,
                    "profitLossUnrealizedIncludeIncomePercent": -26.598
                }
            ],
            "productHoldingMarketValuePercent": 84.2800
        },
        {
            "holdingBalanceTotalTypeCode": "INVT",
            "productDashboardTypeCode": "BOND",
            "timeZoneDisplayCode": "Asia/Hong_Kong",
            "portfolioDetailMultipleCurrencyInformation": [
                {
                    "currencyTypeCode": "LOCAL",
                    "currencyProductHoldingMarketValueAmountCode": "HKD",
                    "productHoldingMarketValueAmount": 139827.408,
                    "currencyProductHoldingBookValueAmountCode": "HKD",
                    "productHoldingBookValueAmount": 0.000,
                    "currencyIncomeProductAmountCode": "HKD",
                    "incomeProductAmount": 0.000,
                    "currencyProfitLossRealizedIncludeIncomeCode": "HKD",
                    "profitLossRealizedIncludeIncomeAmount": 0.000,
                    "currencyIncomeCurrentPurchasePeriodCode": "HKD",
                    "incomeCurrentPurchasePeriodAmount": 0.000,
                    "currencyProfitLossUnrealizedIncludeIncomeCode": "HKD",
                    "profitLossUnrealizedIncludeIncomeAmount": 0.000
                },
                {
                    "currencyTypeCode": "ACCOUNT",
                    "currencyProductHoldingMarketValueAmountCode": "HKD",
                    "productHoldingMarketValueAmount": 139827.408,
                    "currencyProductHoldingBookValueAmountCode": "HKD",
                    "productHoldingBookValueAmount": 0.000,
                    "currencyIncomeProductAmountCode": "HKD",
                    "incomeProductAmount": 0.000,
                    "currencyProfitLossRealizedIncludeIncomeCode": "HKD",
                    "profitLossRealizedIncludeIncomeAmount": 0.000,
                    "currencyIncomeCurrentPurchasePeriodCode": "HKD",
                    "incomeCurrentPurchasePeriodAmount": 0.000,
                    "currencyProfitLossUnrealizedIncludeIncomeCode": "HKD",
                    "profitLossUnrealizedIncludeIncomeAmount": 0.000
                },
                {
                    "currencyTypeCode": "CNY",
                    "currencyProductHoldingMarketValueAmountCode": "CNY",
                    "productHoldingMarketValueAmount": 141285.026,
                    "currencyProductHoldingBookValueAmountCode": "CNY",
                    "productHoldingBookValueAmount": 0.000,
                    "currencyIncomeProductAmountCode": "CNY",
                    "incomeProductAmount": 0.000,
                    "currencyProfitLossRealizedIncludeIncomeCode": "CNY",
                    "profitLossRealizedIncludeIncomeAmount": 0.000,
                    "currencyIncomeCurrentPurchasePeriodCode": "CNY",
                    "incomeCurrentPurchasePeriodAmount": 0.000,
                    "currencyProfitLossUnrealizedIncludeIncomeCode": "CNY",
                    "profitLossUnrealizedIncludeIncomeAmount": 0.000
                },
                {
                    "currencyTypeCode": "USD",
                    "currencyProductHoldingMarketValueAmountCode": "USD",
                    "productHoldingMarketValueAmount": 20510.907,
                    "currencyProductHoldingBookValueAmountCode": "USD",
                    "productHoldingBookValueAmount": 0.000,
                    "currencyIncomeProductAmountCode": "USD",
                    "incomeProductAmount": 0.000,
                    "currencyProfitLossRealizedIncludeIncomeCode": "USD",
                    "profitLossRealizedIncludeIncomeAmount": 0.000,
                    "currencyIncomeCurrentPurchasePeriodCode": "USD",
                    "incomeCurrentPurchasePeriodAmount": 0.000,
                    "currencyProfitLossUnrealizedIncludeIncomeCode": "USD",
                    "profitLossUnrealizedIncludeIncomeAmount": 0.000
                }
            ],
            "productHoldingMarketValuePercent": 7.6600
        },
        {
            "holdingBalanceTotalTypeCode": "INVT",
            "productDashboardTypeCode": "SI",
            "timeZoneDisplayCode": "Asia/Hong_Kong",
            "portfolioDetailMultipleCurrencyInformation": [
                {
                    "currencyTypeCode": "LOCAL",
                    "currencyProductHoldingMarketValueAmountCode": "HKD",
                    "productHoldingMarketValueAmount": 125000.000,
                    "currencyProductHoldingBookValueAmountCode": "HKD",
                    "productHoldingBookValueAmount": 120000.000,
                    "currencyIncomeProductAmountCode": "HKD",
                    "incomeProductAmount": 0.000,
                    "currencyProfitLossRealizedIncludeIncomeCode": "HKD",
                    "profitLossRealizedIncludeIncomeAmount": 0.000,
                    "profitLossRealizedIncludeIncomePercent": 0.000,
                    "currencyIncomeCurrentPurchasePeriodCode": "HKD",
                    "incomeCurrentPurchasePeriodAmount": 0.000,
                    "currencyProfitLossUnrealizedIncludeIncomeCode": "HKD",
                    "profitLossUnrealizedIncludeIncomeAmount": 0.000,
                    "profitLossUnrealizedIncludeIncomePercent": 0.000
                },
                {
                    "currencyTypeCode": "ACCOUNT",
                    "currencyProductHoldingMarketValueAmountCode": "HKD",
                    "productHoldingMarketValueAmount": 125000.000,
                    "currencyProductHoldingBookValueAmountCode": "HKD",
                    "productHoldingBookValueAmount": 120000.000,
                    "currencyIncomeProductAmountCode": "HKD",
                    "incomeProductAmount": 0.000,
                    "currencyProfitLossRealizedIncludeIncomeCode": "HKD",
                    "profitLossRealizedIncludeIncomeAmount": 0.000,
                    "profitLossRealizedIncludeIncomePercent": 0.000,
                    "currencyIncomeCurrentPurchasePeriodCode": "HKD",
                    "incomeCurrentPurchasePeriodAmount": 0.000,
                    "currencyProfitLossUnrealizedIncludeIncomeCode": "HKD",
                    "profitLossUnrealizedIncludeIncomeAmount": 0.000,
                    "profitLossUnrealizedIncludeIncomePercent": 0.000
                },
                {
                    "currencyTypeCode": "CNY",
                    "currencyProductHoldingMarketValueAmountCode": "CNY",
                    "productHoldingMarketValueAmount": 111044.100,
                    "currencyProductHoldingBookValueAmountCode": "CNY",
                    "productHoldingBookValueAmount": 106602.336,
                    "currencyIncomeProductAmountCode": "CNY",
                    "incomeProductAmount": 0.000,
                    "currencyProfitLossRealizedIncludeIncomeCode": "CNY",
                    "profitLossRealizedIncludeIncomeAmount": 0.000,
                    "profitLossRealizedIncludeIncomePercent": 0.000,
                    "currencyIncomeCurrentPurchasePeriodCode": "CNY",
                    "incomeCurrentPurchasePeriodAmount": 0.000,
                    "currencyProfitLossUnrealizedIncludeIncomeCode": "CNY",
                    "profitLossUnrealizedIncludeIncomeAmount": 0.000,
                    "profitLossUnrealizedIncludeIncomePercent": 0.000
                },
                {
                    "currencyTypeCode": "USD",
                    "currencyProductHoldingMarketValueAmountCode": "USD",
                    "productHoldingMarketValueAmount": 16120.712,
                    "currencyProductHoldingBookValueAmountCode": "USD",
                    "productHoldingBookValueAmount": 15475.883,
                    "currencyIncomeProductAmountCode": "USD",
                    "incomeProductAmount": 0.000,
                    "currencyProfitLossRealizedIncludeIncomeCode": "USD",
                    "profitLossRealizedIncludeIncomeAmount": 0.000,
                    "profitLossRealizedIncludeIncomePercent": 0.000,
                    "currencyIncomeCurrentPurchasePeriodCode": "USD",
                    "incomeCurrentPurchasePeriodAmount": 0.000,
                    "currencyProfitLossUnrealizedIncludeIncomeCode": "USD",
                    "profitLossUnrealizedIncludeIncomeAmount": 0.000,
                    "profitLossUnrealizedIncludeIncomePercent": 0.000
                }
            ],
            "productHoldingMarketValuePercent": 6.8500
        },
        {
            "holdingBalanceTotalTypeCode": "INVT",
            "productDashboardTypeCode": "SEC",
            "priceLastUpdateDateTime": "2021-03-18T08:08:30.000Z",
            "timeZoneDisplayCode": "Asia/Hong_Kong",
            "portfolioDetailMultipleCurrencyInformation": [
                {
                    "currencyTypeCode": "LOCAL",
                    "currencyProductHoldingMarketValueAmountCode": "HKD",
                    "productHoldingMarketValueAmount": 22072.710,
                    "currencyProductHoldingBookValueAmountCode": "HKD",
                    "productHoldingBookValueAmount": 0.000,
                    "currencyProfitLossUnrealizedAmountCode": "HKD",
                    "profitLossUnrealizedAmount": 22072.710,
                    "currencyIncomeProductAmountCode": "HKD",
                    "incomeProductAmount": 0.000,
                    "currencyProfitLossRealizedIncludeIncomeCode": "HKD",
                    "profitLossRealizedIncludeIncomeAmount": 0.000,
                    "currencyIncomeCurrentPurchasePeriodCode": "HKD",
                    "incomeCurrentPurchasePeriodAmount": 0.000,
                    "currencyProfitLossUnrealizedIncludeIncomeCode": "HKD",
                    "profitLossUnrealizedIncludeIncomeAmount": 22072.710
                },
                {
                    "currencyTypeCode": "ACCOUNT",
                    "currencyProductHoldingMarketValueAmountCode": "HKD",
                    "productHoldingMarketValueAmount": 22072.710,
                    "currencyProductHoldingBookValueAmountCode": "HKD",
                    "productHoldingBookValueAmount": 0.000,
                    "currencyProfitLossUnrealizedAmountCode": "HKD",
                    "profitLossUnrealizedAmount": 22072.710,
                    "currencyIncomeProductAmountCode": "HKD",
                    "incomeProductAmount": 0.000,
                    "currencyProfitLossRealizedIncludeIncomeCode": "HKD",
                    "profitLossRealizedIncludeIncomeAmount": 0.000,
                    "currencyIncomeCurrentPurchasePeriodCode": "HKD",
                    "incomeCurrentPurchasePeriodAmount": 0.000,
                    "currencyProfitLossUnrealizedIncludeIncomeCode": "HKD",
                    "profitLossUnrealizedIncludeIncomeAmount": 22072.710
                },
                {
                    "currencyTypeCode": "CNY",
                    "currencyProductHoldingMarketValueAmountCode": "CNY",
                    "productHoldingMarketValueAmount": 19608.354,
                    "currencyProductHoldingBookValueAmountCode": "CNY",
                    "productHoldingBookValueAmount": 0.000,
                    "currencyProfitLossUnrealizedAmountCode": "CNY",
                    "profitLossUnrealizedAmount": 19608.354,
                    "currencyIncomeProductAmountCode": "CNY",
                    "incomeProductAmount": 0.000,
                    "currencyProfitLossRealizedIncludeIncomeCode": "CNY",
                    "profitLossRealizedIncludeIncomeAmount": 0.000,
                    "currencyIncomeCurrentPurchasePeriodCode": "CNY",
                    "incomeCurrentPurchasePeriodAmount": 0.000,
                    "currencyProfitLossUnrealizedIncludeIncomeCode": "CNY",
                    "profitLossUnrealizedIncludeIncomeAmount": 19608.354
                },
                {
                    "currencyTypeCode": "USD",
                    "currencyProductHoldingMarketValueAmountCode": "USD",
                    "productHoldingMarketValueAmount": 2846.622,
                    "currencyProductHoldingBookValueAmountCode": "USD",
                    "productHoldingBookValueAmount": 0.000,
                    "currencyProfitLossUnrealizedAmountCode": "USD",
                    "profitLossUnrealizedAmount": 2846.622,
                    "currencyIncomeProductAmountCode": "USD",
                    "incomeProductAmount": 0.000,
                    "currencyProfitLossRealizedIncludeIncomeCode": "USD",
                    "profitLossRealizedIncludeIncomeAmount": 0.000,
                    "currencyIncomeCurrentPurchasePeriodCode": "USD",
                    "incomeCurrentPurchasePeriodAmount": 0.000,
                    "currencyProfitLossUnrealizedIncludeIncomeCode": "USD",
                    "profitLossUnrealizedIncludeIncomeAmount": 2846.622
                }
            ],
            "productHoldingMarketValuePercent": 1.2100
        }
    ],
    "subPortfolioDetailInformation": [
        {
            "holdingBalanceTotalTypeCode": "INVT",
            "productDashboardTypeCode": "SI",
            "productDashboardSubTypeCode": "ELI",
            "timeZoneDisplayCode": "Asia/Hong_Kong",
            "productHoldingMarketValuePercent": 0.2700,
            "subPortfolioDetailMultipleCurrencyInformation": [
                {
                    "currencyTypeCode": "LOCAL",
                    "currencyProductHoldingMarketValueAmountCode": "HKD",
                    "productHoldingMarketValueAmount": 5000.000,
                    "currencyProductHoldingBookValueAmountCode": "HKD",
                    "productHoldingBookValueAmount": 0.000,
                    "currencyIncomeProductAmountCode": "HKD",
                    "incomeProductAmount": 0.000,
                    "currencyIncomeCurrentPurchasePeriodCode": "HKD",
                    "incomeCurrentPurchasePeriodAmount": 0.000,
                    "currencyProfitLossUnrealizedIncludeIncomeCode": "HKD",
                    "profitLossUnrealizedIncludeIncomeAmount": 0.000
                },
                {
                    "currencyTypeCode": "ACCOUNT",
                    "currencyProductHoldingMarketValueAmountCode": "HKD",
                    "productHoldingMarketValueAmount": 5000.000,
                    "currencyProductHoldingBookValueAmountCode": "HKD",
                    "productHoldingBookValueAmount": 0.000,
                    "currencyIncomeProductAmountCode": "HKD",
                    "incomeProductAmount": 0.000,
                    "currencyIncomeCurrentPurchasePeriodCode": "HKD",
                    "incomeCurrentPurchasePeriodAmount": 0.000,
                    "currencyProfitLossUnrealizedIncludeIncomeCode": "HKD",
                    "profitLossUnrealizedIncludeIncomeAmount": 0.000
                },
                {
                    "currencyTypeCode": "CNY",
                    "currencyProductHoldingMarketValueAmountCode": "CNY",
                    "productHoldingMarketValueAmount": 4441.764,
                    "currencyProductHoldingBookValueAmountCode": "CNY",
                    "productHoldingBookValueAmount": 0.000,
                    "currencyIncomeProductAmountCode": "CNY",
                    "incomeProductAmount": 0.000,
                    "currencyIncomeCurrentPurchasePeriodCode": "CNY",
                    "incomeCurrentPurchasePeriodAmount": 0.000,
                    "currencyProfitLossUnrealizedIncludeIncomeCode": "CNY",
                    "profitLossUnrealizedIncludeIncomeAmount": 0.000
                },
                {
                    "currencyTypeCode": "USD",
                    "currencyProductHoldingMarketValueAmountCode": "USD",
                    "productHoldingMarketValueAmount": 644.828,
                    "currencyProductHoldingBookValueAmountCode": "USD",
                    "productHoldingBookValueAmount": 0.000,
                    "currencyIncomeProductAmountCode": "USD",
                    "incomeProductAmount": 0.000,
                    "currencyIncomeCurrentPurchasePeriodCode": "USD",
                    "incomeCurrentPurchasePeriodAmount": 0.000,
                    "currencyProfitLossUnrealizedIncludeIncomeCode": "USD",
                    "profitLossUnrealizedIncludeIncomeAmount": 0.000
                }
            ]
        },
        {
            "holdingBalanceTotalTypeCode": "INVT",
            "productDashboardTypeCode": "SI",
            "productDashboardSubTypeCode": "DPS",
            "timeZoneDisplayCode": "Asia/Hong_Kong",
            "productHoldingMarketValuePercent": 1.1000,
            "subPortfolioDetailMultipleCurrencyInformation": [
                {
                    "currencyTypeCode": "LOCAL",
                    "currencyProductHoldingMarketValueAmountCode": "HKD",
                    "productHoldingMarketValueAmount": 20000.000,
                    "currencyProductHoldingBookValueAmountCode": "HKD",
                    "productHoldingBookValueAmount": 20000.000
                },
                {
                    "currencyTypeCode": "ACCOUNT",
                    "currencyProductHoldingMarketValueAmountCode": "HKD",
                    "productHoldingMarketValueAmount": 20000.000,
                    "currencyProductHoldingBookValueAmountCode": "HKD",
                    "productHoldingBookValueAmount": 20000.000
                },
                {
                    "currencyTypeCode": "CNY",
                    "currencyProductHoldingMarketValueAmountCode": "CNY",
                    "productHoldingMarketValueAmount": 17767.056,
                    "currencyProductHoldingBookValueAmountCode": "CNY",
                    "productHoldingBookValueAmount": 17767.056
                },
                {
                    "currencyTypeCode": "USD",
                    "currencyProductHoldingMarketValueAmountCode": "USD",
                    "productHoldingMarketValueAmount": 2579.314,
                    "currencyProductHoldingBookValueAmountCode": "USD",
                    "productHoldingBookValueAmount": 2579.314
                }
            ]
        },
        {
            "holdingBalanceTotalTypeCode": "INVT",
            "productDashboardTypeCode": "SI",
            "productDashboardSubTypeCode": "SID",
            "timeZoneDisplayCode": "Asia/Hong_Kong",
            "productHoldingMarketValuePercent": 5.4800,
            "subPortfolioDetailMultipleCurrencyInformation": [
                {
                    "currencyTypeCode": "LOCAL",
                    "currencyProductHoldingMarketValueAmountCode": "HKD",
                    "productHoldingMarketValueAmount": 100000.000,
                    "currencyProductHoldingBookValueAmountCode": "HKD",
                    "productHoldingBookValueAmount": 100000.000
                },
                {
                    "currencyTypeCode": "ACCOUNT",
                    "currencyProductHoldingMarketValueAmountCode": "HKD",
                    "productHoldingMarketValueAmount": 100000.000,
                    "currencyProductHoldingBookValueAmountCode": "HKD",
                    "productHoldingBookValueAmount": 100000.000
                },
                {
                    "currencyTypeCode": "CNY",
                    "currencyProductHoldingMarketValueAmountCode": "CNY",
                    "productHoldingMarketValueAmount": 88835.280,
                    "currencyProductHoldingBookValueAmountCode": "CNY",
                    "productHoldingBookValueAmount": 88835.280
                },
                {
                    "currencyTypeCode": "USD",
                    "currencyProductHoldingMarketValueAmountCode": "USD",
                    "productHoldingMarketValueAmount": 12896.570,
                    "currencyProductHoldingBookValueAmountCode": "USD",
                    "productHoldingBookValueAmount": 12896.570
                }
            ]
        },
        {
            "holdingBalanceTotalTypeCode": "INVT",
            "productDashboardTypeCode": "UT",
            "productDashboardSubTypeCode": "FI",
            "priceLastUpdateDateTime": "2021-03-15T00:00:00.000Z",
            "timeZoneDisplayCode": "Asia/Hong_Kong",
            "productHoldingMarketValuePercent": 0.0400,
            "subPortfolioDetailMultipleCurrencyInformation": [
                {
                    "currencyTypeCode": "LOCAL",
                    "currencyProductHoldingMarketValueAmountCode": "HKD",
                    "productHoldingMarketValueAmount": 709.905,
                    "currencyProductHoldingBookValueAmountCode": "HKD",
                    "productHoldingBookValueAmount": 124640.000,
                    "currencyProfitLossUnrealizedAmountCode": "HKD",
                    "profitLossUnrealizedAmount": -123930.095,
                    "profitLossUnrealizedPercent": -99.430,
                    "currencyIncomeProductAmountCode": "HKD",
                    "incomeProductAmount": 0.000,
                    "currencyIncomeCurrentPurchasePeriodCode": "HKD",
                    "incomeCurrentPurchasePeriodAmount": 0.000,
                    "currencyProfitLossUnrealizedIncludeIncomeCode": "HKD",
                    "profitLossUnrealizedIncludeIncomeAmount": -123930.095,
                    "profitLossUnrealizedIncludeIncomePercent": -99.430
                },
                {
                    "currencyTypeCode": "ACCOUNT",
                    "currencyProductHoldingMarketValueAmountCode": "HKD",
                    "productHoldingMarketValueAmount": 709.905,
                    "currencyProductHoldingBookValueAmountCode": "HKD",
                    "productHoldingBookValueAmount": 80000.000,
                    "currencyProfitLossUnrealizedAmountCode": "HKD",
                    "profitLossUnrealizedAmount": -79290.095,
                    "profitLossUnrealizedPercent": -99.113,
                    "currencyIncomeProductAmountCode": "HKD",
                    "incomeProductAmount": 0.000,
                    "currencyIncomeCurrentPurchasePeriodCode": "HKD",
                    "incomeCurrentPurchasePeriodAmount": 0.000,
                    "currencyProfitLossUnrealizedIncludeIncomeCode": "HKD",
                    "profitLossUnrealizedIncludeIncomeAmount": -79290.095,
                    "profitLossUnrealizedIncludeIncomePercent": -99.113
                },
                {
                    "currencyTypeCode": "CNY",
                    "currencyProductHoldingMarketValueAmountCode": "CNY",
                    "productHoldingMarketValueAmount": 630.646,
                    "currencyProductHoldingBookValueAmountCode": "CNY",
                    "productHoldingBookValueAmount": 71068.224,
                    "currencyProfitLossUnrealizedAmountCode": "CNY",
                    "profitLossUnrealizedAmount": -70437.578,
                    "profitLossUnrealizedPercent": -99.113,
                    "currencyIncomeProductAmountCode": "CNY",
                    "incomeProductAmount": 0.000,
                    "currencyIncomeCurrentPurchasePeriodCode": "CNY",
                    "incomeCurrentPurchasePeriodAmount": 0.000,
                    "currencyProfitLossUnrealizedIncludeIncomeCode": "CNY",
                    "profitLossUnrealizedIncludeIncomeAmount": -70437.578,
                    "profitLossUnrealizedIncludeIncomePercent": -99.113
                },
                {
                    "currencyTypeCode": "USD",
                    "currencyProductHoldingMarketValueAmountCode": "USD",
                    "productHoldingMarketValueAmount": 91.553,
                    "currencyProductHoldingBookValueAmountCode": "USD",
                    "productHoldingBookValueAmount": 10317.256,
                    "currencyProfitLossUnrealizedAmountCode": "USD",
                    "profitLossUnrealizedAmount": -10225.702,
                    "profitLossUnrealizedPercent": -99.113,
                    "currencyIncomeProductAmountCode": "USD",
                    "incomeProductAmount": 0.000,
                    "currencyIncomeCurrentPurchasePeriodCode": "USD",
                    "incomeCurrentPurchasePeriodAmount": 0.000,
                    "currencyProfitLossUnrealizedIncludeIncomeCode": "USD",
                    "profitLossUnrealizedIncludeIncomeAmount": -10225.702,
                    "profitLossUnrealizedIncludeIncomePercent": -99.113
                }
            ]
        },
        {
            "holdingBalanceTotalTypeCode": "INVT",
            "productDashboardTypeCode": "UT",
            "productDashboardSubTypeCode": "NONFI",
            "priceLastUpdateDateTime": "2021-03-17T00:00:00.000Z",
            "timeZoneDisplayCode": "Asia/Hong_Kong",
            "productHoldingMarketValuePercent": 84.2400,
            "subPortfolioDetailMultipleCurrencyInformation": [
                {
                    "currencyTypeCode": "LOCAL",
                    "currencyProductHoldingMarketValueAmountCode": "HKD",
                    "productHoldingMarketValueAmount": 1538191.898,
                    "currencyProductHoldingBookValueAmountCode": "HKD",
                    "productHoldingBookValueAmount": 2041900.082,
                    "currencyProfitLossUnrealizedAmountCode": "HKD",
                    "profitLossUnrealizedAmount": -503708.184,
                    "profitLossUnrealizedPercent": -24.669,
                    "currencyIncomeProductAmountCode": "HKD",
                    "incomeProductAmount": 0.000,
                    "currencyIncomeCurrentPurchasePeriodCode": "HKD",
                    "incomeCurrentPurchasePeriodAmount": 0.000,
                    "currencyProfitLossUnrealizedIncludeIncomeCode": "HKD",
                    "profitLossUnrealizedIncludeIncomeAmount": -503708.184,
                    "profitLossUnrealizedIncludeIncomePercent": -24.669
                },
                {
                    "currencyTypeCode": "ACCOUNT",
                    "currencyProductHoldingMarketValueAmountCode": "HKD",
                    "productHoldingMarketValueAmount": 1538191.898,
                    "currencyProductHoldingBookValueAmountCode": "HKD",
                    "productHoldingBookValueAmount": 2041900.082,
                    "currencyProfitLossUnrealizedAmountCode": "HKD",
                    "profitLossUnrealizedAmount": -503708.184,
                    "profitLossUnrealizedPercent": -24.669,
                    "currencyIncomeProductAmountCode": "HKD",
                    "incomeProductAmount": 0.000,
                    "currencyIncomeCurrentPurchasePeriodCode": "HKD",
                    "incomeCurrentPurchasePeriodAmount": 0.000,
                    "currencyProfitLossUnrealizedIncludeIncomeCode": "HKD",
                    "profitLossUnrealizedIncludeIncomeAmount": -503708.184,
                    "profitLossUnrealizedIncludeIncomePercent": -24.669
                },
                {
                    "currencyTypeCode": "CNY",
                    "currencyProductHoldingMarketValueAmountCode": "CNY",
                    "productHoldingMarketValueAmount": 1366575.708,
                    "currencyProductHoldingBookValueAmountCode": "CNY",
                    "productHoldingBookValueAmount": 1791562.104,
                    "currencyProfitLossUnrealizedAmountCode": "CNY",
                    "profitLossUnrealizedAmount": -424986.396,
                    "profitLossUnrealizedPercent": -23.722,
                    "currencyIncomeProductAmountCode": "CNY",
                    "incomeProductAmount": 0.000,
                    "currencyIncomeCurrentPurchasePeriodCode": "CNY",
                    "incomeCurrentPurchasePeriodAmount": 0.000,
                    "currencyProfitLossUnrealizedIncludeIncomeCode": "CNY",
                    "profitLossUnrealizedIncludeIncomeAmount": -424986.396,
                    "profitLossUnrealizedIncludeIncomePercent": -23.722
                },
                {
                    "currencyTypeCode": "USD",
                    "currencyProductHoldingMarketValueAmountCode": "USD",
                    "productHoldingMarketValueAmount": 198391.210,
                    "currencyProductHoldingBookValueAmountCode": "USD",
                    "productHoldingBookValueAmount": 260088.169,
                    "currencyProfitLossUnrealizedAmountCode": "USD",
                    "profitLossUnrealizedAmount": -61696.959,
                    "profitLossUnrealizedPercent": -23.722,
                    "currencyIncomeProductAmountCode": "USD",
                    "incomeProductAmount": 0.000,
                    "currencyIncomeCurrentPurchasePeriodCode": "USD",
                    "incomeCurrentPurchasePeriodAmount": 0.000,
                    "currencyProfitLossUnrealizedIncludeIncomeCode": "USD",
                    "profitLossUnrealizedIncludeIncomeAmount": -61696.959,
                    "profitLossUnrealizedIncludeIncomePercent": -23.722
                }
            ]
        },
        {
            "holdingBalanceTotalTypeCode": "INVT",
            "productDashboardTypeCode": "SEC",
            "productDashboardSubTypeCode": "OT",
            "priceLastUpdateDateTime": "2021-03-01T00:00:00.000Z",
            "timeZoneDisplayCode": "Asia/Hong_Kong",
            "productHoldingMarketValuePercent": 0.5900,
            "subPortfolioDetailMultipleCurrencyInformation": [
                {
                    "currencyTypeCode": "LOCAL",
                    "currencyProductHoldingMarketValueAmountCode": "HKD",
                    "productHoldingMarketValueAmount": 10813.586,
                    "currencyProductHoldingBookValueAmountCode": "HKD",
                    "productHoldingBookValueAmount": 0.000,
                    "currencyProfitLossUnrealizedAmountCode": "HKD",
                    "profitLossUnrealizedAmount": 10813.586,
                    "currencyIncomeProductAmountCode": "HKD",
                    "incomeProductAmount": 0.000,
                    "currencyIncomeCurrentPurchasePeriodCode": "HKD",
                    "incomeCurrentPurchasePeriodAmount": 0.000,
                    "currencyProfitLossUnrealizedIncludeIncomeCode": "HKD",
                    "profitLossUnrealizedIncludeIncomeAmount": 10813.586
                },
                {
                    "currencyTypeCode": "ACCOUNT",
                    "currencyProductHoldingMarketValueAmountCode": "HKD",
                    "productHoldingMarketValueAmount": 10813.586,
                    "currencyProductHoldingBookValueAmountCode": "HKD",
                    "productHoldingBookValueAmount": 0.000,
                    "currencyProfitLossUnrealizedAmountCode": "HKD",
                    "profitLossUnrealizedAmount": 10813.586,
                    "currencyIncomeProductAmountCode": "HKD",
                    "incomeProductAmount": 0.000,
                    "currencyIncomeCurrentPurchasePeriodCode": "HKD",
                    "incomeCurrentPurchasePeriodAmount": 0.000,
                    "currencyProfitLossUnrealizedIncludeIncomeCode": "HKD",
                    "profitLossUnrealizedIncludeIncomeAmount": 10813.586
                },
                {
                    "currencyTypeCode": "CNY",
                    "currencyProductHoldingMarketValueAmountCode": "CNY",
                    "productHoldingMarketValueAmount": 9606.279,
                    "currencyProductHoldingBookValueAmountCode": "CNY",
                    "productHoldingBookValueAmount": 0.000,
                    "currencyProfitLossUnrealizedAmountCode": "CNY",
                    "profitLossUnrealizedAmount": 9606.279,
                    "currencyIncomeProductAmountCode": "CNY",
                    "incomeProductAmount": 0.000,
                    "currencyIncomeCurrentPurchasePeriodCode": "CNY",
                    "incomeCurrentPurchasePeriodAmount": 0.000,
                    "currencyProfitLossUnrealizedIncludeIncomeCode": "CNY",
                    "profitLossUnrealizedIncludeIncomeAmount": 9606.279
                },
                {
                    "currencyTypeCode": "USD",
                    "currencyProductHoldingMarketValueAmountCode": "USD",
                    "productHoldingMarketValueAmount": 1394.582,
                    "currencyProductHoldingBookValueAmountCode": "USD",
                    "productHoldingBookValueAmount": 0.000,
                    "currencyProfitLossUnrealizedAmountCode": "USD",
                    "profitLossUnrealizedAmount": 1394.582,
                    "currencyIncomeProductAmountCode": "USD",
                    "incomeProductAmount": 0.000,
                    "currencyIncomeCurrentPurchasePeriodCode": "USD",
                    "incomeCurrentPurchasePeriodAmount": 0.000,
                    "currencyProfitLossUnrealizedIncludeIncomeCode": "USD",
                    "profitLossUnrealizedIncludeIncomeAmount": 1394.582
                }
            ]
        },
        {
            "holdingBalanceTotalTypeCode": "INVT",
            "productDashboardTypeCode": "SEC",
            "productDashboardSubTypeCode": "HK",
            "priceLastUpdateDateTime": "2021-03-18T08:08:30.000Z",
            "timeZoneDisplayCode": "Asia/Hong_Kong",
            "productHoldingMarketValuePercent": 0.6200,
            "subPortfolioDetailMultipleCurrencyInformation": [
                {
                    "currencyTypeCode": "LOCAL",
                    "currencyProductHoldingMarketValueAmountCode": "HKD",
                    "productHoldingMarketValueAmount": 11259.124,
                    "currencyProductHoldingBookValueAmountCode": "HKD",
                    "productHoldingBookValueAmount": 0.000,
                    "currencyProfitLossUnrealizedAmountCode": "HKD",
                    "profitLossUnrealizedAmount": 11259.124,
                    "currencyIncomeProductAmountCode": "HKD",
                    "incomeProductAmount": 0.000,
                    "currencyIncomeCurrentPurchasePeriodCode": "HKD",
                    "incomeCurrentPurchasePeriodAmount": 0.000,
                    "currencyProfitLossUnrealizedIncludeIncomeCode": "HKD",
                    "profitLossUnrealizedIncludeIncomeAmount": 11259.124
                },
                {
                    "currencyTypeCode": "ACCOUNT",
                    "currencyProductHoldingMarketValueAmountCode": "HKD",
                    "productHoldingMarketValueAmount": 11259.124,
                    "currencyProductHoldingBookValueAmountCode": "HKD",
                    "productHoldingBookValueAmount": 0.000,
                    "currencyProfitLossUnrealizedAmountCode": "HKD",
                    "profitLossUnrealizedAmount": 11259.124,
                    "currencyIncomeProductAmountCode": "HKD",
                    "incomeProductAmount": 0.000,
                    "currencyIncomeCurrentPurchasePeriodCode": "HKD",
                    "incomeCurrentPurchasePeriodAmount": 0.000,
                    "currencyProfitLossUnrealizedIncludeIncomeCode": "HKD",
                    "profitLossUnrealizedIncludeIncomeAmount": 11259.124
                },
                {
                    "currencyTypeCode": "CNY",
                    "currencyProductHoldingMarketValueAmountCode": "CNY",
                    "productHoldingMarketValueAmount": 10002.074,
                    "currencyProductHoldingBookValueAmountCode": "CNY",
                    "productHoldingBookValueAmount": 0.000,
                    "currencyProfitLossUnrealizedAmountCode": "CNY",
                    "profitLossUnrealizedAmount": 10002.074,
                    "currencyIncomeProductAmountCode": "CNY",
                    "incomeProductAmount": 0.000,
                    "currencyIncomeCurrentPurchasePeriodCode": "CNY",
                    "incomeCurrentPurchasePeriodAmount": 0.000,
                    "currencyProfitLossUnrealizedIncludeIncomeCode": "CNY",
                    "profitLossUnrealizedIncludeIncomeAmount": 10002.074
                },
                {
                    "currencyTypeCode": "USD",
                    "currencyProductHoldingMarketValueAmountCode": "USD",
                    "productHoldingMarketValueAmount": 1452.041,
                    "currencyProductHoldingBookValueAmountCode": "USD",
                    "productHoldingBookValueAmount": 0.000,
                    "currencyProfitLossUnrealizedAmountCode": "USD",
                    "profitLossUnrealizedAmount": 1452.041,
                    "currencyIncomeProductAmountCode": "USD",
                    "incomeProductAmount": 0.000,
                    "currencyIncomeCurrentPurchasePeriodCode": "USD",
                    "incomeCurrentPurchasePeriodAmount": 0.000,
                    "currencyProfitLossUnrealizedIncludeIncomeCode": "USD",
                    "profitLossUnrealizedIncludeIncomeAmount": 1452.041
                }
            ]
        }
    ],
    "otherHoldingAdditionalInformation": {
        "maxOtherAssetCountIndicator": false,
        "maxOtherLiabilityCountIndicator": false,
        "maxOtherInsuranceCountIndicator": false
    },
    "paginationResponse": [
        {
            "totalNumberOfRecords": 0,
            "numberOfRecords": 0
        }
    ]
}