{
	"reasonCodes": [],
	"responseCode": "000",
	"sessionInformation": {
		"httpSessionId": null,
		"recordUpdateLastDateTime": 1611565334777,
		"requestIdentificationNumber": "bseujrcdks0v"
	},
	"accountFilterInformation": [{
		"accountBenchmarkCodes": [],
		"accountControlNumber": null,
		"accountFilterMultipleCurrencyInformation": [{
			"accountMarketValueAmount": 0.000,
			"currencyAccountMarketValueCode": "HKD",
			"currencyTypeCode": "LOCAL"
		},
		{
			"accountMarketValueAmount": 0.000,
			"currencyAccountMarketValueCode": "HKD",
			"currencyTypeCode": "PRODUCT"
		},
		{
			"accountMarketValueAmount": 0.000,
			"currencyAccountMarketValueCode": "HKD",
			"currencyTypeCode": "ACCOUNT"
		},
		{
			"accountMarketValueAmount": 0.000,
			"currencyAccountMarketValueCode": "CNY",
			"currencyTypeCode": "CNY"
		},
		{
			"accountMarketValueAmount": 0.000,
			"currencyAccountMarketValueCode": "USD",
			"currencyTypeCode": "USD"
		}],
		"accountGroupIdentifier": null,
		"accountListInformations": [],
		"accountModelTypeCode": null,
		"accountNickName": "CUST IA117097",
		"accountNumber": "004362125380",
		"accountOwnerInformation": [],
		"accountProductTypeCode": null,
		"accountSegmentText": null,
		"accountStatusCode": "O",
		"accountTypeCode": "SEC",
		"countryInvestmentAccountCode": null,
		"currencyAccountCode": "HKD",
		"groupMemberInvestmentAccountCode": null,
		"jointAccountIndicator": "N",
		"jointRequestCustomerIndicator": "S"
	},
	{
		"accountBenchmarkCodes": [],
		"accountControlNumber": null,
		"accountFilterMultipleCurrencyInformation": [{
			"accountMarketValueAmount": 0.000,
			"currencyAccountMarketValueCode": "HKD",
			"currencyTypeCode": "LOCAL"
		},
		{
			"accountMarketValueAmount": 0.000,
			"currencyAccountMarketValueCode": "HKD",
			"currencyTypeCode": "PRODUCT"
		},
		{
			"accountMarketValueAmount": 0.000,
			"currencyAccountMarketValueCode": "HKD",
			"currencyTypeCode": "ACCOUNT"
		},
		{
			"accountMarketValueAmount": 0.000,
			"currencyAccountMarketValueCode": "CNY",
			"currencyTypeCode": "CNY"
		},
		{
			"accountMarketValueAmount": 0.000,
			"currencyAccountMarketValueCode": "USD",
			"currencyTypeCode": "USD"
		}],
		"accountGroupIdentifier": null,
		"accountListInformations": [],
		"accountModelTypeCode": null,
		"accountNickName": "CUSTOMER IA117097",
		"accountNumber": "005641618383",
		"accountOwnerInformation": [],
		"accountProductTypeCode": null,
		"accountSegmentText": null,
		"accountStatusCode": "O",
		"accountTypeCode": "SEC",
		"countryInvestmentAccountCode": null,
		"currencyAccountCode": "HKD",
		"groupMemberInvestmentAccountCode": null,
		"jointAccountIndicator": "N",
		"jointRequestCustomerIndicator": "S"
	},
	{
		"accountBenchmarkCodes": [],
		"accountControlNumber": null,
		"accountFilterMultipleCurrencyInformation": [{
			"accountMarketValueAmount": 0.000,
			"currencyAccountMarketValueCode": "HKD",
			"currencyTypeCode": "LOCAL"
		},
		{
			"accountMarketValueAmount": 0.000,
			"currencyAccountMarketValueCode": "HKD",
			"currencyTypeCode": "PRODUCT"
		},
		{
			"accountMarketValueAmount": 0.000,
			"currencyAccountMarketValueCode": "HKD",
			"currencyTypeCode": "ACCOUNT"
		},
		{
			"accountMarketValueAmount": 0.000,
			"currencyAccountMarketValueCode": "CNY",
			"currencyTypeCode": "CNY"
		},
		{
			"accountMarketValueAmount": 0.000,
			"currencyAccountMarketValueCode": "USD",
			"currencyTypeCode": "USD"
		}],
		"accountGroupIdentifier": null,
		"accountListInformations": [],
		"accountModelTypeCode": null,
		"accountNickName": "CUSTOMER IA117097",
		"accountNumber": "068374156383",
		"accountOwnerInformation": [],
		"accountProductTypeCode": "AVA",
		"accountSegmentText": null,
		"accountStatusCode": "O",
		"accountTypeCode": "SEC",
		"countryInvestmentAccountCode": null,
		"currencyAccountCode": "HKD",
		"groupMemberInvestmentAccountCode": null,
		"jointAccountIndicator": "N",
		"jointRequestCustomerIndicator": "S"
	},
	{
		"accountBenchmarkCodes": [],
		"accountControlNumber": null,
		"accountFilterMultipleCurrencyInformation": [{
			"accountMarketValueAmount": 0.000,
			"currencyAccountMarketValueCode": "HKD",
			"currencyTypeCode": "LOCAL"
		},
		{
			"accountMarketValueAmount": 0.000,
			"currencyAccountMarketValueCode": "HKD",
			"currencyTypeCode": "PRODUCT"
		},
		{
			"accountMarketValueAmount": 0.000,
			"currencyAccountMarketValueCode": "HKD",
			"currencyTypeCode": "ACCOUNT"
		},
		{
			"accountMarketValueAmount": 0.000,
			"currencyAccountMarketValueCode": "CNY",
			"currencyTypeCode": "CNY"
		},
		{
			"accountMarketValueAmount": 0.000,
			"currencyAccountMarketValueCode": "USD",
			"currencyTypeCode": "USD"
		}],
		"accountGroupIdentifier": null,
		"accountListInformations": [],
		"accountModelTypeCode": null,
		"accountNickName": "CUSTOMER IA117097",
		"accountNumber": "500265012385",
		"accountOwnerInformation": [],
		"accountProductTypeCode": "AVA",
		"accountSegmentText": null,
		"accountStatusCode": "O",
		"accountTypeCode": "SEC",
		"countryInvestmentAccountCode": null,
		"currencyAccountCode": "HKD",
		"groupMemberInvestmentAccountCode": null,
		"jointAccountIndicator": "N",
		"jointRequestCustomerIndicator": "S"
	},
	{
		"accountBenchmarkCodes": [],
		"accountControlNumber": null,
		"accountFilterMultipleCurrencyInformation": [{
			"accountMarketValueAmount": 0.000,
			"currencyAccountMarketValueCode": "HKD",
			"currencyTypeCode": "LOCAL"
		},
		{
			"accountMarketValueAmount": 0.000,
			"currencyAccountMarketValueCode": "HKD",
			"currencyTypeCode": "PRODUCT"
		},
		{
			"accountMarketValueAmount": 0.000,
			"currencyAccountMarketValueCode": "HKD",
			"currencyTypeCode": "ACCOUNT"
		},
		{
			"accountMarketValueAmount": 0.000,
			"currencyAccountMarketValueCode": "CNY",
			"currencyTypeCode": "CNY"
		},
		{
			"accountMarketValueAmount": 0.000,
			"currencyAccountMarketValueCode": "USD",
			"currencyTypeCode": "USD"
		}],
		"accountGroupIdentifier": null,
		"accountListInformations": [],
		"accountModelTypeCode": null,
		"accountNickName": "CUSTOMER IA117097",
		"accountNumber": "500268669382",
		"accountOwnerInformation": [],
		"accountProductTypeCode": "AVA",
		"accountSegmentText": null,
		"accountStatusCode": "O",
		"accountTypeCode": "SEC",
		"countryInvestmentAccountCode": null,
		"currencyAccountCode": "HKD",
		"groupMemberInvestmentAccountCode": null,
		"jointAccountIndicator": "N",
		"jointRequestCustomerIndicator": "S"
	},
	{
		"accountBenchmarkCodes": [],
		"accountControlNumber": null,
		"accountFilterMultipleCurrencyInformation": [{
			"accountMarketValueAmount": 16708.097,
			"currencyAccountMarketValueCode": "HKD",
			"currencyTypeCode": "LOCAL"
		},
		{
			"accountMarketValueAmount": 16708.097,
			"currencyAccountMarketValueCode": "HKD",
			"currencyTypeCode": "PRODUCT"
		},
		{
			"accountMarketValueAmount": 16708.097,
			"currencyAccountMarketValueCode": "HKD",
			"currencyTypeCode": "ACCOUNT"
		},
		{
			"accountMarketValueAmount": 15258.851,
			"currencyAccountMarketValueCode": "CNY",
			"currencyTypeCode": "CNY"
		},
		{
			"accountMarketValueAmount": 2155.008,
			"currencyAccountMarketValueCode": "USD",
			"currencyTypeCode": "USD"
		}],
		"accountGroupIdentifier": null,
		"accountListInformations": [],
		"accountModelTypeCode": null,
		"accountNickName": "CUSTOMER IA117097",
		"accountNumber": "500666201383",
		"accountOwnerInformation": [],
		"accountProductTypeCode": "AVA",
		"accountSegmentText": null,
		"accountStatusCode": "O",
		"accountTypeCode": "SEC",
		"countryInvestmentAccountCode": null,
		"currencyAccountCode": "HKD",
		"groupMemberInvestmentAccountCode": null,
		"jointAccountIndicator": "N",
		"jointRequestCustomerIndicator": "S"
	}],
	"accountGroupInformation": [{
		"accountGroupMultipleCurrencyInformation": [{
			"accountCashMarketValueAmount": null,
			"accountInvestmentMarketValueAmount": null,
			"accountMarketValueAmount": 16708.097,
			"currencyAccountCashMarketValueCode": null,
			"currencyAccountInvestmentMarketValueCode": null,
			"currencyAccountMarketValueCode": "HKD",
			"currencyProductHoldingBookValueAmountCode": "HKD",
			"currencyProfitLossUnrealizedAmountCode": "HKD",
			"currencyTypeCode": "LOCAL",
			"productHoldingBookValueAmount": 12897.560,
			"profitLossUnrealizedAmount": 3810.537,
			"profitLossUnrealizedPercent": 29.545
		},
		{
			"accountCashMarketValueAmount": null,
			"accountInvestmentMarketValueAmount": null,
			"accountMarketValueAmount": 15258.851,
			"currencyAccountCashMarketValueCode": null,
			"currencyAccountInvestmentMarketValueCode": null,
			"currencyAccountMarketValueCode": "CNY",
			"currencyProductHoldingBookValueAmountCode": "CNY",
			"currencyProfitLossUnrealizedAmountCode": "CNY",
			"currencyTypeCode": "CNY",
			"productHoldingBookValueAmount": 11778.837,
			"profitLossUnrealizedAmount": 3480.014,
			"profitLossUnrealizedPercent": 29.545
		},
		{
			"accountCashMarketValueAmount": null,
			"accountInvestmentMarketValueAmount": null,
			"accountMarketValueAmount": 2155.008,
			"currencyAccountCashMarketValueCode": null,
			"currencyAccountInvestmentMarketValueCode": null,
			"currencyAccountMarketValueCode": "USD",
			"currencyProductHoldingBookValueAmountCode": "USD",
			"currencyProfitLossUnrealizedAmountCode": "USD",
			"currencyTypeCode": "USD",
			"productHoldingBookValueAmount": 1663.525,
			"profitLossUnrealizedAmount": 491.482,
			"profitLossUnrealizedPercent": 29.545
		}],
		"accountListInformation": [{
			"accountControlNumber": null,
			"accountGroupIdentifier": null,
			"accountNickName": "CUST IA117097",
			"accountNumber": "004362125380",
			"accountProductTypeCode": null,
			"accountTypeCode": "SEC",
			"countryInvestmentAccountCode": null,
			"currencyAccountCode": "HKD",
			"groupMemberInvestmentAccountCode": null
		},
		{
			"accountControlNumber": null,
			"accountGroupIdentifier": null,
			"accountNickName": "CUSTOMER IA117097",
			"accountNumber": "005641618383",
			"accountProductTypeCode": null,
			"accountTypeCode": "SEC",
			"countryInvestmentAccountCode": null,
			"currencyAccountCode": "HKD",
			"groupMemberInvestmentAccountCode": null
		},
		{
			"accountControlNumber": null,
			"accountGroupIdentifier": null,
			"accountNickName": "CUSTOMER IA117097",
			"accountNumber": "068374156383",
			"accountProductTypeCode": "AVA",
			"accountTypeCode": "SEC",
			"countryInvestmentAccountCode": null,
			"currencyAccountCode": "HKD",
			"groupMemberInvestmentAccountCode": null
		},
		{
			"accountControlNumber": null,
			"accountGroupIdentifier": null,
			"accountNickName": "CUSTOMER IA117097",
			"accountNumber": "500265012385",
			"accountProductTypeCode": "AVA",
			"accountTypeCode": "SEC",
			"countryInvestmentAccountCode": null,
			"currencyAccountCode": "HKD",
			"groupMemberInvestmentAccountCode": null
		},
		{
			"accountControlNumber": null,
			"accountGroupIdentifier": null,
			"accountNickName": "CUSTOMER IA117097",
			"accountNumber": "500268669382",
			"accountProductTypeCode": "AVA",
			"accountTypeCode": "SEC",
			"countryInvestmentAccountCode": null,
			"currencyAccountCode": "HKD",
			"groupMemberInvestmentAccountCode": null
		},
		{
			"accountControlNumber": null,
			"accountGroupIdentifier": null,
			"accountNickName": "CUSTOMER IA117097",
			"accountNumber": "500666201383",
			"accountProductTypeCode": "AVA",
			"accountTypeCode": "SEC",
			"countryInvestmentAccountCode": null,
			"currencyAccountCode": "HKD",
			"groupMemberInvestmentAccountCode": null
		}],
		"cardAccountInformation": [],
		"dashboardAccountGroupIdentifier": "ACCTYPE",
		"dashboardAccountSubGroupIdentifier": "INVESTMENT",
		"insuranceAccountInformation": [],
		"loanMortgageAccountInformation": []
	},
	{
		"accountGroupMultipleCurrencyInformation": [{
			"accountCashMarketValueAmount": null,
			"accountInvestmentMarketValueAmount": null,
			"accountMarketValueAmount": 16708.097,
			"currencyAccountCashMarketValueCode": null,
			"currencyAccountInvestmentMarketValueCode": null,
			"currencyAccountMarketValueCode": "HKD",
			"currencyProductHoldingBookValueAmountCode": "HKD",
			"currencyProfitLossUnrealizedAmountCode": "HKD",
			"currencyTypeCode": "LOCAL",
			"productHoldingBookValueAmount": 12897.560,
			"profitLossUnrealizedAmount": 3810.537,
			"profitLossUnrealizedPercent": 29.545
		},
		{
			"accountCashMarketValueAmount": null,
			"accountInvestmentMarketValueAmount": null,
			"accountMarketValueAmount": 15258.851,
			"currencyAccountCashMarketValueCode": null,
			"currencyAccountInvestmentMarketValueCode": null,
			"currencyAccountMarketValueCode": "CNY",
			"currencyProductHoldingBookValueAmountCode": "CNY",
			"currencyProfitLossUnrealizedAmountCode": "CNY",
			"currencyTypeCode": "CNY",
			"productHoldingBookValueAmount": 11778.837,
			"profitLossUnrealizedAmount": 3480.014,
			"profitLossUnrealizedPercent": 29.545
		},
		{
			"accountCashMarketValueAmount": null,
			"accountInvestmentMarketValueAmount": null,
			"accountMarketValueAmount": 2155.008,
			"currencyAccountCashMarketValueCode": null,
			"currencyAccountInvestmentMarketValueCode": null,
			"currencyAccountMarketValueCode": "USD",
			"currencyProductHoldingBookValueAmountCode": "USD",
			"currencyProfitLossUnrealizedAmountCode": "USD",
			"currencyTypeCode": "USD",
			"productHoldingBookValueAmount": 1663.525,
			"profitLossUnrealizedAmount": 491.482,
			"profitLossUnrealizedPercent": 29.545
		}],
		"accountListInformation": [{
			"accountControlNumber": null,
			"accountGroupIdentifier": null,
			"accountNickName": "CUST IA117097",
			"accountNumber": "004362125380",
			"accountProductTypeCode": null,
			"accountTypeCode": "SEC",
			"countryInvestmentAccountCode": null,
			"currencyAccountCode": "HKD",
			"groupMemberInvestmentAccountCode": null
		},
		{
			"accountControlNumber": null,
			"accountGroupIdentifier": null,
			"accountNickName": "CUSTOMER IA117097",
			"accountNumber": "005641618383",
			"accountProductTypeCode": null,
			"accountTypeCode": "SEC",
			"countryInvestmentAccountCode": null,
			"currencyAccountCode": "HKD",
			"groupMemberInvestmentAccountCode": null
		},
		{
			"accountControlNumber": null,
			"accountGroupIdentifier": null,
			"accountNickName": "CUSTOMER IA117097",
			"accountNumber": "068374156383",
			"accountProductTypeCode": "AVA",
			"accountTypeCode": "SEC",
			"countryInvestmentAccountCode": null,
			"currencyAccountCode": "HKD",
			"groupMemberInvestmentAccountCode": null
		},
		{
			"accountControlNumber": null,
			"accountGroupIdentifier": null,
			"accountNickName": "CUSTOMER IA117097",
			"accountNumber": "500265012385",
			"accountProductTypeCode": "AVA",
			"accountTypeCode": "SEC",
			"countryInvestmentAccountCode": null,
			"currencyAccountCode": "HKD",
			"groupMemberInvestmentAccountCode": null
		},
		{
			"accountControlNumber": null,
			"accountGroupIdentifier": null,
			"accountNickName": "CUSTOMER IA117097",
			"accountNumber": "500268669382",
			"accountProductTypeCode": "AVA",
			"accountTypeCode": "SEC",
			"countryInvestmentAccountCode": null,
			"currencyAccountCode": "HKD",
			"groupMemberInvestmentAccountCode": null
		},
		{
			"accountControlNumber": null,
			"accountGroupIdentifier": null,
			"accountNickName": "CUSTOMER IA117097",
			"accountNumber": "500666201383",
			"accountProductTypeCode": "AVA",
			"accountTypeCode": "SEC",
			"countryInvestmentAccountCode": null,
			"currencyAccountCode": "HKD",
			"groupMemberInvestmentAccountCode": null
		}],
		"cardAccountInformation": [],
		"dashboardAccountGroupIdentifier": "TAXSTATUS",
		"dashboardAccountSubGroupIdentifier": "TAXDEFERRED",
		"insuranceAccountInformation": [],
		"loanMortgageAccountInformation": []
	}],
	"coreReserveArea": [],
	"localFieldsArea": [],
	"paginationResponse": {
		"endDetail": "5",
		"numberOfRecords": 5,
		"pagingDirectionCode": " ",
		"startDetail": "1",
		"totalNumberOfRecords": 8
	},
	"secondaryHolder": [],
	"sortingCriteria": [],
	"transactionDetailInformation": [{
		"accountControlNumber": null,
		"accountGroupIdentifier": null,
		"accountNickName": "CUSTOMER IA117097",
		"accountNumber": "005641618383",
		"accountProductTypeCode": null,
		"accountTypeCode": "SEC",
		"allowBuyAmountProductIndicator": "N",
		"allowBuyProductIndicator": "N",
		"allowBuyUnitProductIndicator": "N",
		"allowRolloverIndicator": null,
		"allowSellAmountProductIndicator": "Y",
		"allowSellMonthlyInvestmentProgramAmountProductIndicator": "N",
		"allowSellMonthlyInvestmentProgramUnitProductIndicator": "N",
		"allowSellProductIndicator": "Y",
		"allowSellUnitProductIndicator": "Y",
		"allowSwitchInAmountProductIndicator": "Y",
		"allowSwitchInProductIndicator": "N",
		"allowSwitchInUnitProductIndicator": "N",
		"allowSwitchOutAmountProductIndicator": "Y",
		"allowSwitchOutProductIndicator": "Y",
		"allowSwitchOutUnitProductIndicator": "Y",
		"allowTradeMonthlyInvestmentProgramProductIndicator": "N",
		"allowViewOrderDetailIndicator": "N",
		"bookCostEditRemarkCodes": null,
		"bookCostEditRemarkText": null,
		"chargeTransactionCollectSettlementCurrencyAmount": null,
		"countryInvestmentAccountCode": null,
		"countryProductTradableCode": "HK",
		"currencyAccountCode": "HKD",
		"currencyChargeTransactionCollectSettlementCode": null,
		"currencyLinkDepositCode": null,
		"currencyPrincipalCode": "USD",
		"currencyPrincipalPortfolioCode": null,
		"currencyPrincipalSettlementCode": null,
		"currencyProductCode": "USD",
		"currencyProductDealPriceCode": "USD",
		"currencyProductExpiryAmoutCode": "USD",
		"currencyProductNominalValueAmountCode": "USD",
		"currencySettlementCode": "USD",
		"exchangeBreakEvenRate": null,
		"exchangeInitialRate": null,
		"exchangeRateFixDate": null,
		"exchangeSpotRate": null,
		"exchangeTriggerRate": null,
		"executionPriceSuspectTypeCode": null,
		"fundSettlementCurrencyOptionCode": null,
		"groupMemberInvestmentAccountCode": null,
		"instrumentUnderlyingName": null,
		"investmentStartDate": 1548201600000,
		"lotHoldingNumber": "GSOPS",
		"markToMarketIndicator": "N",
		"newBookCost": {
			"currencyProductHoldingBookValueAmountCode": null,
			"currencyProductHoldingBookValueLocalAmountCode": null,
			"productHoldingBookValueAmount": null,
			"productHoldingBookValueLocalAmount": null
		},
		"originalBookCost": {
			"currencyProductHoldingBookValueAmountCode": "HKD",
			"currencyProductHoldingBookValueLocalAmountCode": "HKD",
			"productHoldingBookValueAmount": 8566.264,
			"productHoldingBookValueLocalAmount": 8566.264
		},
		"principalAmount": 1094.243,
		"principalPortfolioCurrencyAmount": null,
		"principalSettlementCurrencyAmount": null,
		"productDashboardSubTypeCode": "NONFI",
		"productDashboardTypeCode": "UT",
		"productDealPriceAmount": 55.71500,
		"productDepositHoldingCode": null,
		"productExecutedTransactionQuantityCount": 19.640000,
		"productExpiryAmount": 19.640,
		"productInvestmentDataStoreNumber": "78464559",
		"productKey": [{
			"currencyProductCode": "USD",
			"productAlternativeNumber": "1000047449",
			"productCodeAlternativeClassCode": "W",
			"productTradableCode": "HK",
			"productTypeCode": "UT"
		},
		{
			"currencyProductCode": "USD",
			"productAlternativeNumber": "HASIO",
			"productCodeAlternativeClassCode": "F",
			"productTradableCode": "HK",
			"productTypeCode": "UT"
		},
		{
			"currencyProductCode": "USD",
			"productAlternativeNumber": "LU0082770016",
			"productCodeAlternativeClassCode": "I",
			"productTradableCode": "HK",
			"productTypeCode": "UT"
		},
		{
			"currencyProductCode": "USD",
			"productAlternativeNumber": "U42367",
			"productCodeAlternativeClassCode": "M",
			"productTradableCode": "HK",
			"productTypeCode": "UT"
		},
		{
			"currencyProductCode": "USD",
			"productAlternativeNumber": "0P00000ERT",
			"productCodeAlternativeClassCode": "O",
			"productTradableCode": "HK",
			"productTypeCode": "UT"
		},
		{
			"currencyProductCode": "USD",
			"productAlternativeNumber": "U42367",
			"productCodeAlternativeClassCode": "P",
			"productTradableCode": "HK",
			"productTypeCode": "UT"
		},
		{
			"currencyProductCode": "USD",
			"productAlternativeNumber": "000000000000000000001000047449",
			"productCodeAlternativeClassCode": "T",
			"productTradableCode": "HK",
			"productTypeCode": "UT"
		}],
		"productMaturityDate": null,
		"productName": "HSBC Asia ex Japan Equity Smaller Companies Fund (Class AD)",
		"productNominalValueAmount": 19.640,
		"productPeriodText": null,
		"productPriceDivisorAmount": 1,
		"productShortName": "HGIF AXJ EQ SMALL CAP (AD)",
		"productStatusCode": "A",
		"productSubtypeCode": "AC",
		"productTypeCode": "UT",
		"settlementDateTime": 1548604800000,
		"settlementFxRate": 1.0000000000,
		"staffId": null,
		"timeZoneDisplayCode": "Asia/Hong_Kong",
		"tradeAsDifferentCurrencyIndicator": "N",
		"transactionDateTime": 1548146090000,
		"transactionDetailMultipleCurrencyInformation": [{
			"currencyProfitLossRealizedAmountCode": "HKD",
			"currencyTypeCode": "LOCAL",
			"profitLossRealizedAmount": -122.781,
			"profitLossRealizedPercent": -2.252
		},
		{
			"currencyProfitLossRealizedAmountCode": "USD",
			"currencyTypeCode": "PRODUCT",
			"profitLossRealizedAmount": -25.213,
			"profitLossRealizedPercent": -1.413
		},
		{
			"currencyProfitLossRealizedAmountCode": "HKD",
			"currencyTypeCode": "ACCOUNT",
			"profitLossRealizedAmount": -122.781,
			"profitLossRealizedPercent": -2.252
		},
		{
			"currencyProfitLossRealizedAmountCode": "CNY",
			"currencyTypeCode": "CNY",
			"profitLossRealizedAmount": -178.461,
			"profitLossRealizedPercent": -10.001
		},
		{
			"currencyProfitLossRealizedAmountCode": "USD",
			"currencyTypeCode": "USD",
			"profitLossRealizedAmount": -25.213,
			"profitLossRealizedPercent": -1.413
		}],
		"transactionNarrativeText": null,
		"transactionReferenceNumber": "S-246994-01-0-20190123",
		"transactionSettlementAmount": 1094.240,
		"transactionStatusCode": null,
		"transactionTypeCode": "SAL-UTMIP",
		"yieldAnnualMinimumPercent": null,
		"yieldAnnualPotentialPercent": null,
		"monthlyAverageHoldingBalance": null,
		"currencyMonthlyAverageHoldingBalance": null
	},
	{
		"accountControlNumber": null,
		"accountGroupIdentifier": null,
		"accountNickName": "CUSTOMER IA117097",
		"accountNumber": "068374156383",
		"accountProductTypeCode": "AVA",
		"accountTypeCode": "SEC",
		"allowBuyAmountProductIndicator": "Y",
		"allowBuyProductIndicator": "Y",
		"allowBuyUnitProductIndicator": "N",
		"allowRolloverIndicator": null,
		"allowSellAmountProductIndicator": "Y",
		"allowSellMonthlyInvestmentProgramAmountProductIndicator": "Y",
		"allowSellMonthlyInvestmentProgramUnitProductIndicator": "N",
		"allowSellProductIndicator": "Y",
		"allowSellUnitProductIndicator": "Y",
		"allowSwitchInAmountProductIndicator": "Y",
		"allowSwitchInProductIndicator": "Y",
		"allowSwitchInUnitProductIndicator": "N",
		"allowSwitchOutAmountProductIndicator": "Y",
		"allowSwitchOutProductIndicator": "Y",
		"allowSwitchOutUnitProductIndicator": "Y",
		"allowTradeMonthlyInvestmentProgramProductIndicator": "Y",
		"allowViewOrderDetailIndicator": "N",
		"bookCostEditRemarkCodes": null,
		"bookCostEditRemarkText": null,
		"chargeTransactionCollectSettlementCurrencyAmount": null,
		"countryInvestmentAccountCode": null,
		"countryProductTradableCode": "HK",
		"currencyAccountCode": "HKD",
		"currencyChargeTransactionCollectSettlementCode": null,
		"currencyLinkDepositCode": null,
		"currencyPrincipalCode": "HKD",
		"currencyPrincipalPortfolioCode": null,
		"currencyPrincipalSettlementCode": null,
		"currencyProductCode": "HKD",
		"currencyProductDealPriceCode": "HKD",
		"currencyProductExpiryAmoutCode": "HKD",
		"currencyProductNominalValueAmountCode": "HKD",
		"currencySettlementCode": "HKD",
		"exchangeBreakEvenRate": null,
		"exchangeInitialRate": null,
		"exchangeRateFixDate": null,
		"exchangeSpotRate": null,
		"exchangeTriggerRate": null,
		"executionPriceSuspectTypeCode": null,
		"fundSettlementCurrencyOptionCode": null,
		"groupMemberInvestmentAccountCode": null,
		"instrumentUnderlyingName": null,
		"investmentStartDate": 1531872000000,
		"lotHoldingNumber": "GSOPS",
		"markToMarketIndicator": "N",
		"newBookCost": {
			"currencyProductHoldingBookValueAmountCode": null,
			"currencyProductHoldingBookValueLocalAmountCode": null,
			"productHoldingBookValueAmount": null,
			"productHoldingBookValueLocalAmount": null
		},
		"originalBookCost": {
			"currencyProductHoldingBookValueAmountCode": "HKD",
			"currencyProductHoldingBookValueLocalAmountCode": "HKD",
			"productHoldingBookValueAmount": 9921.240,
			"productHoldingBookValueLocalAmount": 9921.240
		},
		"principalAmount": 9921.242,
		"principalPortfolioCurrencyAmount": null,
		"principalSettlementCurrencyAmount": null,
		"productDashboardSubTypeCode": "NONFI",
		"productDashboardTypeCode": "UT",
		"productDealPriceAmount": 10.33000,
		"productDepositHoldingCode": null,
		"productExecutedTransactionQuantityCount": 960.430000,
		"productExpiryAmount": 960.430,
		"productInvestmentDataStoreNumber": "59302018",
		"productKey": [{
			"currencyProductCode": "HKD",
			"productAlternativeNumber": "1000047633",
			"productCodeAlternativeClassCode": "W",
			"productTradableCode": "HK",
			"productTypeCode": "UT"
		},
		{
			"currencyProductCode": "HKD",
			"productAlternativeNumber": "HFAMH",
			"productCodeAlternativeClassCode": "F",
			"productTradableCode": "HK",
			"productTypeCode": "UT"
		},
		{
			"currencyProductCode": "HKD",
			"productAlternativeNumber": "LU0762542818",
			"productCodeAlternativeClassCode": "I",
			"productTradableCode": "HK",
			"productTypeCode": "UT"
		},
		{
			"currencyProductCode": "HKD",
			"productAlternativeNumber": "U62509",
			"productCodeAlternativeClassCode": "M",
			"productTradableCode": "HK",
			"productTypeCode": "UT"
		},
		{
			"currencyProductCode": "HKD",
			"productAlternativeNumber": "0P0000WA0U",
			"productCodeAlternativeClassCode": "O",
			"productTradableCode": "HK",
			"productTypeCode": "UT"
		},
		{
			"currencyProductCode": "HKD",
			"productAlternativeNumber": "U62509",
			"productCodeAlternativeClassCode": "P",
			"productTradableCode": "HK",
			"productTypeCode": "UT"
		},
		{
			"currencyProductCode": "HKD",
			"productAlternativeNumber": "000000000000000000001000047633",
			"productCodeAlternativeClassCode": "T",
			"productTradableCode": "HK",
			"productTypeCode": "UT"
		}],
		"productMaturityDate": null,
		"productName": "HSBC GIF - MANAGED SOLUTION-ASIA FOCUSED INCOME (AM2-HKD-MDIST-CASH)",
		"productNominalValueAmount": 960.430,
		"productPeriodText": null,
		"productPriceDivisorAmount": 1,
		"productShortName": "HSBC ASIA FOC I(AM2-HKD-MDC)",
		"productStatusCode": "A",
		"productSubtypeCode": "MA",
		"productTypeCode": "UT",
		"settlementDateTime": 1532275200000,
		"settlementFxRate": 1.0000000000,
		"staffId": null,
		"timeZoneDisplayCode": "Asia/Hong_Kong",
		"tradeAsDifferentCurrencyIndicator": "N",
		"transactionDateTime": 1531816889000,
		"transactionDetailMultipleCurrencyInformation": [{
			"currencyProfitLossRealizedAmountCode": "HKD",
			"currencyTypeCode": "LOCAL",
			"profitLossRealizedAmount": -78.757,
			"profitLossRealizedPercent": -0.788
		},
		{
			"currencyProfitLossRealizedAmountCode": "HKD",
			"currencyTypeCode": "PRODUCT",
			"profitLossRealizedAmount": -78.757,
			"profitLossRealizedPercent": -0.788
		},
		{
			"currencyProfitLossRealizedAmountCode": "HKD",
			"currencyTypeCode": "ACCOUNT",
			"profitLossRealizedAmount": -78.757,
			"profitLossRealizedPercent": -0.788
		},
		{
			"currencyProfitLossRealizedAmountCode": "CNY",
			"currencyTypeCode": "CNY",
			"profitLossRealizedAmount": -71.926,
			"profitLossRealizedPercent": -0.720
		},
		{
			"currencyProfitLossRealizedAmountCode": "USD",
			"currencyTypeCode": "USD",
			"profitLossRealizedAmount": -10.158,
			"profitLossRealizedPercent": -0.102
		}],
		"transactionNarrativeText": null,
		"transactionReferenceNumber": "S-140302-01-0-20180718",
		"transactionSettlementAmount": 9921.240,
		"transactionStatusCode": null,
		"transactionTypeCode": "SAL-RED",
		"yieldAnnualMinimumPercent": null,
		"yieldAnnualPotentialPercent": null,
		"monthlyAverageHoldingBalance": null,
		"currencyMonthlyAverageHoldingBalance": null
	},
	{
		"accountControlNumber": null,
		"accountGroupIdentifier": null,
		"accountNickName": "CUSTOMER IA117097",
		"accountNumber": "068374156383",
		"accountProductTypeCode": "AVA",
		"accountTypeCode": "SEC",
		"allowBuyAmountProductIndicator": "Y",
		"allowBuyProductIndicator": "Y",
		"allowBuyUnitProductIndicator": "N",
		"allowRolloverIndicator": null,
		"allowSellAmountProductIndicator": "Y",
		"allowSellMonthlyInvestmentProgramAmountProductIndicator": "Y",
		"allowSellMonthlyInvestmentProgramUnitProductIndicator": "N",
		"allowSellProductIndicator": "Y",
		"allowSellUnitProductIndicator": "Y",
		"allowSwitchInAmountProductIndicator": "Y",
		"allowSwitchInProductIndicator": "Y",
		"allowSwitchInUnitProductIndicator": "N",
		"allowSwitchOutAmountProductIndicator": "Y",
		"allowSwitchOutProductIndicator": "Y",
		"allowSwitchOutUnitProductIndicator": "Y",
		"allowTradeMonthlyInvestmentProgramProductIndicator": "Y",
		"allowViewOrderDetailIndicator": "N",
		"bookCostEditRemarkCodes": null,
		"bookCostEditRemarkText": null,
		"chargeTransactionCollectSettlementCurrencyAmount": null,
		"countryInvestmentAccountCode": null,
		"countryProductTradableCode": "HK",
		"currencyAccountCode": "HKD",
		"currencyChargeTransactionCollectSettlementCode": null,
		"currencyLinkDepositCode": null,
		"currencyPrincipalCode": null,
		"currencyPrincipalPortfolioCode": null,
		"currencyPrincipalSettlementCode": null,
		"currencyProductCode": "HKD",
		"currencyProductDealPriceCode": null,
		"currencyProductExpiryAmoutCode": "HKD",
		"currencyProductNominalValueAmountCode": "HKD",
		"currencySettlementCode": "HKD",
		"exchangeBreakEvenRate": null,
		"exchangeInitialRate": null,
		"exchangeRateFixDate": null,
		"exchangeSpotRate": null,
		"exchangeTriggerRate": null,
		"executionPriceSuspectTypeCode": null,
		"fundSettlementCurrencyOptionCode": null,
		"groupMemberInvestmentAccountCode": null,
		"instrumentUnderlyingName": null,
		"investmentStartDate": null,
		"lotHoldingNumber": "GSOPS",
		"markToMarketIndicator": "N",
		"newBookCost": {
			"currencyProductHoldingBookValueAmountCode": null,
			"currencyProductHoldingBookValueLocalAmountCode": null,
			"productHoldingBookValueAmount": null,
			"productHoldingBookValueLocalAmount": null
		},
		"originalBookCost": {
			"currencyProductHoldingBookValueAmountCode": "HKD",
			"currencyProductHoldingBookValueLocalAmountCode": "HKD",
			"productHoldingBookValueAmount": 36.100,
			"productHoldingBookValueLocalAmount": 36.100
		},
		"principalAmount": null,
		"principalPortfolioCurrencyAmount": null,
		"principalSettlementCurrencyAmount": null,
		"productDashboardSubTypeCode": "NONFI",
		"productDashboardTypeCode": "UT",
		"productDealPriceAmount": null,
		"productDepositHoldingCode": null,
		"productExecutedTransactionQuantityCount": null,
		"productExpiryAmount": 36.100,
		"productInvestmentDataStoreNumber": "59302017",
		"productKey": [{
			"currencyProductCode": "HKD",
			"productAlternativeNumber": "1000047633",
			"productCodeAlternativeClassCode": "W",
			"productTradableCode": "HK",
			"productTypeCode": "UT"
		},
		{
			"currencyProductCode": "HKD",
			"productAlternativeNumber": "HFAMH",
			"productCodeAlternativeClassCode": "F",
			"productTradableCode": "HK",
			"productTypeCode": "UT"
		},
		{
			"currencyProductCode": "HKD",
			"productAlternativeNumber": "LU0762542818",
			"productCodeAlternativeClassCode": "I",
			"productTradableCode": "HK",
			"productTypeCode": "UT"
		},
		{
			"currencyProductCode": "HKD",
			"productAlternativeNumber": "U62509",
			"productCodeAlternativeClassCode": "M",
			"productTradableCode": "HK",
			"productTypeCode": "UT"
		},
		{
			"currencyProductCode": "HKD",
			"productAlternativeNumber": "0P0000WA0U",
			"productCodeAlternativeClassCode": "O",
			"productTradableCode": "HK",
			"productTypeCode": "UT"
		},
		{
			"currencyProductCode": "HKD",
			"productAlternativeNumber": "U62509",
			"productCodeAlternativeClassCode": "P",
			"productTradableCode": "HK",
			"productTypeCode": "UT"
		},
		{
			"currencyProductCode": "HKD",
			"productAlternativeNumber": "000000000000000000001000047633",
			"productCodeAlternativeClassCode": "T",
			"productTradableCode": "HK",
			"productTypeCode": "UT"
		}],
		"productMaturityDate": null,
		"productName": "HSBC GIF - MANAGED SOLUTION-ASIA FOCUSED INCOME (AM2-HKD-MDIST-CASH)",
		"productNominalValueAmount": 36.100,
		"productPeriodText": null,
		"productPriceDivisorAmount": 1,
		"productShortName": "HSBC ASIA FOC I(AM2-HKD-MDC)",
		"productStatusCode": "A",
		"productSubtypeCode": "MA",
		"productTypeCode": "UT",
		"settlementDateTime": 1531324800000,
		"settlementFxRate": 1.0000000000,
		"staffId": null,
		"timeZoneDisplayCode": "Asia/Hong_Kong",
		"tradeAsDifferentCurrencyIndicator": "N",
		"transactionDateTime": 1531357200000,
		"transactionDetailMultipleCurrencyInformation": [],
		"transactionNarrativeText": null,
		"transactionReferenceNumber": "C33646100C01068374156383",
		"transactionSettlementAmount": 36.100,
		"transactionStatusCode": null,
		"transactionTypeCode": "UTP",
		"yieldAnnualMinimumPercent": null,
		"yieldAnnualPotentialPercent": null,
		"monthlyAverageHoldingBalance": null,
		"currencyMonthlyAverageHoldingBalance": null
	},
	{
		"accountControlNumber": null,
		"accountGroupIdentifier": null,
		"accountNickName": "CUSTOMER IA117097",
		"accountNumber": "068374156383",
		"accountProductTypeCode": "AVA",
		"accountTypeCode": "SEC",
		"allowBuyAmountProductIndicator": "Y",
		"allowBuyProductIndicator": "Y",
		"allowBuyUnitProductIndicator": "N",
		"allowRolloverIndicator": null,
		"allowSellAmountProductIndicator": "Y",
		"allowSellMonthlyInvestmentProgramAmountProductIndicator": "Y",
		"allowSellMonthlyInvestmentProgramUnitProductIndicator": "N",
		"allowSellProductIndicator": "Y",
		"allowSellUnitProductIndicator": "Y",
		"allowSwitchInAmountProductIndicator": "Y",
		"allowSwitchInProductIndicator": "Y",
		"allowSwitchInUnitProductIndicator": "N",
		"allowSwitchOutAmountProductIndicator": "Y",
		"allowSwitchOutProductIndicator": "Y",
		"allowSwitchOutUnitProductIndicator": "Y",
		"allowTradeMonthlyInvestmentProgramProductIndicator": "Y",
		"allowViewOrderDetailIndicator": "N",
		"bookCostEditRemarkCodes": null,
		"bookCostEditRemarkText": null,
		"chargeTransactionCollectSettlementCurrencyAmount": null,
		"countryInvestmentAccountCode": null,
		"countryProductTradableCode": "HK",
		"currencyAccountCode": "HKD",
		"currencyChargeTransactionCollectSettlementCode": null,
		"currencyLinkDepositCode": null,
		"currencyPrincipalCode": null,
		"currencyPrincipalPortfolioCode": null,
		"currencyPrincipalSettlementCode": null,
		"currencyProductCode": "HKD",
		"currencyProductDealPriceCode": null,
		"currencyProductExpiryAmoutCode": "HKD",
		"currencyProductNominalValueAmountCode": "HKD",
		"currencySettlementCode": "HKD",
		"exchangeBreakEvenRate": null,
		"exchangeInitialRate": null,
		"exchangeRateFixDate": null,
		"exchangeSpotRate": null,
		"exchangeTriggerRate": null,
		"executionPriceSuspectTypeCode": null,
		"fundSettlementCurrencyOptionCode": null,
		"groupMemberInvestmentAccountCode": null,
		"instrumentUnderlyingName": null,
		"investmentStartDate": null,
		"lotHoldingNumber": "GSOPS",
		"markToMarketIndicator": "N",
		"newBookCost": {
			"currencyProductHoldingBookValueAmountCode": null,
			"currencyProductHoldingBookValueLocalAmountCode": null,
			"productHoldingBookValueAmount": null,
			"productHoldingBookValueLocalAmount": null
		},
		"originalBookCost": {
			"currencyProductHoldingBookValueAmountCode": "HKD",
			"currencyProductHoldingBookValueLocalAmountCode": "HKD",
			"productHoldingBookValueAmount": 34.970,
			"productHoldingBookValueLocalAmount": 34.970
		},
		"principalAmount": null,
		"principalPortfolioCurrencyAmount": null,
		"principalSettlementCurrencyAmount": null,
		"productDashboardSubTypeCode": "NONFI",
		"productDashboardTypeCode": "UT",
		"productDealPriceAmount": null,
		"productDepositHoldingCode": null,
		"productExecutedTransactionQuantityCount": null,
		"productExpiryAmount": 34.970,
		"productInvestmentDataStoreNumber": "59302016",
		"productKey": [{
			"currencyProductCode": "HKD",
			"productAlternativeNumber": "1000047633",
			"productCodeAlternativeClassCode": "W",
			"productTradableCode": "HK",
			"productTypeCode": "UT"
		},
		{
			"currencyProductCode": "HKD",
			"productAlternativeNumber": "HFAMH",
			"productCodeAlternativeClassCode": "F",
			"productTradableCode": "HK",
			"productTypeCode": "UT"
		},
		{
			"currencyProductCode": "HKD",
			"productAlternativeNumber": "LU0762542818",
			"productCodeAlternativeClassCode": "I",
			"productTradableCode": "HK",
			"productTypeCode": "UT"
		},
		{
			"currencyProductCode": "HKD",
			"productAlternativeNumber": "U62509",
			"productCodeAlternativeClassCode": "M",
			"productTradableCode": "HK",
			"productTypeCode": "UT"
		},
		{
			"currencyProductCode": "HKD",
			"productAlternativeNumber": "0P0000WA0U",
			"productCodeAlternativeClassCode": "O",
			"productTradableCode": "HK",
			"productTypeCode": "UT"
		},
		{
			"currencyProductCode": "HKD",
			"productAlternativeNumber": "U62509",
			"productCodeAlternativeClassCode": "P",
			"productTradableCode": "HK",
			"productTypeCode": "UT"
		},
		{
			"currencyProductCode": "HKD",
			"productAlternativeNumber": "000000000000000000001000047633",
			"productCodeAlternativeClassCode": "T",
			"productTradableCode": "HK",
			"productTypeCode": "UT"
		}],
		"productMaturityDate": null,
		"productName": "HSBC GIF - MANAGED SOLUTION-ASIA FOCUSED INCOME (AM2-HKD-MDIST-CASH)",
		"productNominalValueAmount": 34.970,
		"productPeriodText": null,
		"productPriceDivisorAmount": 1,
		"productShortName": "HSBC ASIA FOC I(AM2-HKD-MDC)",
		"productStatusCode": "A",
		"productSubtypeCode": "MA",
		"productTypeCode": "UT",
		"settlementDateTime": 1528646400000,
		"settlementFxRate": 1.0000000000,
		"staffId": null,
		"timeZoneDisplayCode": "Asia/Hong_Kong",
		"tradeAsDifferentCurrencyIndicator": "N",
		"transactionDateTime": 1528678800000,
		"transactionDetailMultipleCurrencyInformation": [],
		"transactionNarrativeText": null,
		"transactionReferenceNumber": "C31913800C01068374156383",
		"transactionSettlementAmount": 34.970,
		"transactionStatusCode": null,
		"transactionTypeCode": "UTP",
		"yieldAnnualMinimumPercent": null,
		"yieldAnnualPotentialPercent": null,
		"monthlyAverageHoldingBalance": null,
		"currencyMonthlyAverageHoldingBalance": null
	},
	{
		"accountControlNumber": null,
		"accountGroupIdentifier": null,
		"accountNickName": "CUSTOMER IA117097",
		"accountNumber": "068374156383",
		"accountProductTypeCode": "AVA",
		"accountTypeCode": "SEC",
		"allowBuyAmountProductIndicator": "Y",
		"allowBuyProductIndicator": "Y",
		"allowBuyUnitProductIndicator": "N",
		"allowRolloverIndicator": null,
		"allowSellAmountProductIndicator": "Y",
		"allowSellMonthlyInvestmentProgramAmountProductIndicator": "Y",
		"allowSellMonthlyInvestmentProgramUnitProductIndicator": "N",
		"allowSellProductIndicator": "Y",
		"allowSellUnitProductIndicator": "Y",
		"allowSwitchInAmountProductIndicator": "Y",
		"allowSwitchInProductIndicator": "Y",
		"allowSwitchInUnitProductIndicator": "N",
		"allowSwitchOutAmountProductIndicator": "Y",
		"allowSwitchOutProductIndicator": "Y",
		"allowSwitchOutUnitProductIndicator": "Y",
		"allowTradeMonthlyInvestmentProgramProductIndicator": "Y",
		"allowViewOrderDetailIndicator": "N",
		"bookCostEditRemarkCodes": null,
		"bookCostEditRemarkText": null,
		"chargeTransactionCollectSettlementCurrencyAmount": null,
		"countryInvestmentAccountCode": null,
		"countryProductTradableCode": "HK",
		"currencyAccountCode": "HKD",
		"currencyChargeTransactionCollectSettlementCode": null,
		"currencyLinkDepositCode": null,
		"currencyPrincipalCode": null,
		"currencyPrincipalPortfolioCode": null,
		"currencyPrincipalSettlementCode": null,
		"currencyProductCode": "HKD",
		"currencyProductDealPriceCode": null,
		"currencyProductExpiryAmoutCode": "HKD",
		"currencyProductNominalValueAmountCode": "HKD",
		"currencySettlementCode": "HKD",
		"exchangeBreakEvenRate": null,
		"exchangeInitialRate": null,
		"exchangeRateFixDate": null,
		"exchangeSpotRate": null,
		"exchangeTriggerRate": null,
		"executionPriceSuspectTypeCode": null,
		"fundSettlementCurrencyOptionCode": null,
		"groupMemberInvestmentAccountCode": null,
		"instrumentUnderlyingName": null,
		"investmentStartDate": null,
		"lotHoldingNumber": "GSOPS",
		"markToMarketIndicator": "N",
		"newBookCost": {
			"currencyProductHoldingBookValueAmountCode": null,
			"currencyProductHoldingBookValueLocalAmountCode": null,
			"productHoldingBookValueAmount": null,
			"productHoldingBookValueLocalAmount": null
		},
		"originalBookCost": {
			"currencyProductHoldingBookValueAmountCode": "HKD",
			"currencyProductHoldingBookValueLocalAmountCode": "HKD",
			"productHoldingBookValueAmount": 33.300,
			"productHoldingBookValueLocalAmount": 33.300
		},
		"principalAmount": null,
		"principalPortfolioCurrencyAmount": null,
		"principalSettlementCurrencyAmount": null,
		"productDashboardSubTypeCode": "NONFI",
		"productDashboardTypeCode": "UT",
		"productDealPriceAmount": null,
		"productDepositHoldingCode": null,
		"productExecutedTransactionQuantityCount": null,
		"productExpiryAmount": 33.300,
		"productInvestmentDataStoreNumber": "59302015",
		"productKey": [{
			"currencyProductCode": "HKD",
			"productAlternativeNumber": "1000047633",
			"productCodeAlternativeClassCode": "W",
			"productTradableCode": "HK",
			"productTypeCode": "UT"
		},
		{
			"currencyProductCode": "HKD",
			"productAlternativeNumber": "HFAMH",
			"productCodeAlternativeClassCode": "F",
			"productTradableCode": "HK",
			"productTypeCode": "UT"
		},
		{
			"currencyProductCode": "HKD",
			"productAlternativeNumber": "LU0762542818",
			"productCodeAlternativeClassCode": "I",
			"productTradableCode": "HK",
			"productTypeCode": "UT"
		},
		{
			"currencyProductCode": "HKD",
			"productAlternativeNumber": "U62509",
			"productCodeAlternativeClassCode": "M",
			"productTradableCode": "HK",
			"productTypeCode": "UT"
		},
		{
			"currencyProductCode": "HKD",
			"productAlternativeNumber": "0P0000WA0U",
			"productCodeAlternativeClassCode": "O",
			"productTradableCode": "HK",
			"productTypeCode": "UT"
		},
		{
			"currencyProductCode": "HKD",
			"productAlternativeNumber": "U62509",
			"productCodeAlternativeClassCode": "P",
			"productTradableCode": "HK",
			"productTypeCode": "UT"
		},
		{
			"currencyProductCode": "HKD",
			"productAlternativeNumber": "000000000000000000001000047633",
			"productCodeAlternativeClassCode": "T",
			"productTradableCode": "HK",
			"productTypeCode": "UT"
		}],
		"productMaturityDate": null,
		"productName": "HSBC GIF - MANAGED SOLUTION-ASIA FOCUSED INCOME (AM2-HKD-MDIST-CASH)",
		"productNominalValueAmount": 33.300,
		"productPeriodText": null,
		"productPriceDivisorAmount": 1,
		"productShortName": "HSBC ASIA FOC I(AM2-HKD-MDC)",
		"productStatusCode": "A",
		"productSubtypeCode": "MA",
		"productTypeCode": "UT",
		"settlementDateTime": 1526227200000,
		"settlementFxRate": 1.0000000000,
		"staffId": null,
		"timeZoneDisplayCode": "Asia/Hong_Kong",
		"tradeAsDifferentCurrencyIndicator": "N",
		"transactionDateTime": 1526259600000,
		"transactionDetailMultipleCurrencyInformation": [],
		"transactionNarrativeText": null,
		"transactionReferenceNumber": "C30837500C01068374156383",
		"transactionSettlementAmount": 33.300,
		"transactionStatusCode": null,
		"transactionTypeCode": "UTP",
		"yieldAnnualMinimumPercent": null,
		"yieldAnnualPotentialPercent": null,
		"monthlyAverageHoldingBalance": null,
		"currencyMonthlyAverageHoldingBalance": null
	}]
}