{
    "reasonCodes": [],
    "responseCode": "000",
    "sessionInformation": {
        "httpSessionId": null,
        "recordUpdateLastDateTime": 1616072495905,
        "requestIdentificationNumber": "51rmrkf6qsnn"
    },
    "accountFilterInformation": [
        {
            "accountBenchmarkCodes": [],
            "accountControlNumber": null,
            "accountFilterMultipleCurrencyInformation": [
                {
                    "accountMarketValueAmount": 0.000,
                    "currencyAccountMarketValueCode": "HKD",
                    "currencyTypeCode": "LOCAL"
                },
                {
                    "accountMarketValueAmount": 0.000,
                    "currencyAccountMarketValueCode": "HKD",
                    "currencyTypeCode": "PRODUCT"
                },
                {
                    "accountMarketValueAmount": 0.000,
                    "currencyAccountMarketValueCode": "HKD",
                    "currencyTypeCode": "ACCOUNT"
                },
                {
                    "accountMarketValueAmount": 0.000,
                    "currencyAccountMarketValueCode": "CNY",
                    "currencyTypeCode": "CNY"
                },
                {
                    "accountMarketValueAmount": 0.000,
                    "currencyAccountMarketValueCode": "USD",
                    "currencyTypeCode": "USD"
                }
            ],
            "accountGroupIdentifier": null,
            "accountListInformation": [],
            "accountModelTypeCode": null,
            "accountNickName": "CUST IA117097",
            "accountNumber": "004362125380",
            "accountOwnerInformation": [],
            "accountProductTypeCode": null,
            "accountSegmentText": null,
            "accountStatusCode": "O",
            "accountTypeCode": "SEC",
            "countryInvestmentAccountCode": null,
            "currencyAccountCode": "HKD",
            "groupMemberInvestmentAccountCode": null,
            "isGbaAccount": "N",
            "jointAccountIndicator": "N",
            "jointRequestCustomerIndicator": "S",
            "srdOptionIndicator": null
        },
        {
            "accountBenchmarkCodes": [],
            "accountControlNumber": null,
            "accountFilterMultipleCurrencyInformation": [
                {
                    "accountMarketValueAmount": 0.000,
                    "currencyAccountMarketValueCode": "HKD",
                    "currencyTypeCode": "LOCAL"
                },
                {
                    "accountMarketValueAmount": 0.000,
                    "currencyAccountMarketValueCode": "HKD",
                    "currencyTypeCode": "PRODUCT"
                },
                {
                    "accountMarketValueAmount": 0.000,
                    "currencyAccountMarketValueCode": "HKD",
                    "currencyTypeCode": "ACCOUNT"
                },
                {
                    "accountMarketValueAmount": 0.000,
                    "currencyAccountMarketValueCode": "CNY",
                    "currencyTypeCode": "CNY"
                },
                {
                    "accountMarketValueAmount": 0.000,
                    "currencyAccountMarketValueCode": "USD",
                    "currencyTypeCode": "USD"
                }
            ],
            "accountGroupIdentifier": null,
            "accountListInformation": [],
            "accountModelTypeCode": null,
            "accountNickName": "CUSTOMER IA117097",
            "accountNumber": "005641618383",
            "accountOwnerInformation": [],
            "accountProductTypeCode": null,
            "accountSegmentText": null,
            "accountStatusCode": "O",
            "accountTypeCode": "SEC",
            "countryInvestmentAccountCode": null,
            "currencyAccountCode": "HKD",
            "groupMemberInvestmentAccountCode": null,
            "isGbaAccount": "N",
            "jointAccountIndicator": "N",
            "jointRequestCustomerIndicator": "S",
            "srdOptionIndicator": null
        },
        {
            "accountBenchmarkCodes": [],
            "accountControlNumber": null,
            "accountFilterMultipleCurrencyInformation": [
                {
                    "accountMarketValueAmount": 0.000,
                    "currencyAccountMarketValueCode": "HKD",
                    "currencyTypeCode": "LOCAL"
                },
                {
                    "accountMarketValueAmount": 0.000,
                    "currencyAccountMarketValueCode": "HKD",
                    "currencyTypeCode": "PRODUCT"
                },
                {
                    "accountMarketValueAmount": 0.000,
                    "currencyAccountMarketValueCode": "HKD",
                    "currencyTypeCode": "ACCOUNT"
                },
                {
                    "accountMarketValueAmount": 0.000,
                    "currencyAccountMarketValueCode": "CNY",
                    "currencyTypeCode": "CNY"
                },
                {
                    "accountMarketValueAmount": 0.000,
                    "currencyAccountMarketValueCode": "USD",
                    "currencyTypeCode": "USD"
                }
            ],
            "accountGroupIdentifier": null,
            "accountListInformation": [],
            "accountModelTypeCode": null,
            "accountNickName": "CUSTOMER IA117097",
            "accountNumber": "068374156383",
            "accountOwnerInformation": [],
            "accountProductTypeCode": "AVA",
            "accountSegmentText": null,
            "accountStatusCode": "O",
            "accountTypeCode": "SEC",
            "countryInvestmentAccountCode": null,
            "currencyAccountCode": "HKD",
            "groupMemberInvestmentAccountCode": null,
            "isGbaAccount": "N",
            "jointAccountIndicator": "N",
            "jointRequestCustomerIndicator": "S",
            "srdOptionIndicator": null
        },
        {
            "accountBenchmarkCodes": [],
            "accountControlNumber": null,
            "accountFilterMultipleCurrencyInformation": [
                {
                    "accountMarketValueAmount": 0.000,
                    "currencyAccountMarketValueCode": "HKD",
                    "currencyTypeCode": "LOCAL"
                },
                {
                    "accountMarketValueAmount": 0.000,
                    "currencyAccountMarketValueCode": "HKD",
                    "currencyTypeCode": "PRODUCT"
                },
                {
                    "accountMarketValueAmount": 0.000,
                    "currencyAccountMarketValueCode": "HKD",
                    "currencyTypeCode": "ACCOUNT"
                },
                {
                    "accountMarketValueAmount": 0.000,
                    "currencyAccountMarketValueCode": "CNY",
                    "currencyTypeCode": "CNY"
                },
                {
                    "accountMarketValueAmount": 0.000,
                    "currencyAccountMarketValueCode": "USD",
                    "currencyTypeCode": "USD"
                }
            ],
            "accountGroupIdentifier": null,
            "accountListInformation": [],
            "accountModelTypeCode": null,
            "accountNickName": "CUSTOMER IA117097",
            "accountNumber": "500265012385",
            "accountOwnerInformation": [],
            "accountProductTypeCode": "AVA",
            "accountSegmentText": null,
            "accountStatusCode": "O",
            "accountTypeCode": "SEC",
            "countryInvestmentAccountCode": null,
            "currencyAccountCode": "HKD",
            "groupMemberInvestmentAccountCode": null,
            "isGbaAccount": "N",
            "jointAccountIndicator": "N",
            "jointRequestCustomerIndicator": "S",
            "srdOptionIndicator": null
        },
        {
            "accountBenchmarkCodes": [],
            "accountControlNumber": null,
            "accountFilterMultipleCurrencyInformation": [
                {
                    "accountMarketValueAmount": 0.000,
                    "currencyAccountMarketValueCode": "HKD",
                    "currencyTypeCode": "LOCAL"
                },
                {
                    "accountMarketValueAmount": 0.000,
                    "currencyAccountMarketValueCode": "HKD",
                    "currencyTypeCode": "PRODUCT"
                },
                {
                    "accountMarketValueAmount": 0.000,
                    "currencyAccountMarketValueCode": "HKD",
                    "currencyTypeCode": "ACCOUNT"
                },
                {
                    "accountMarketValueAmount": 0.000,
                    "currencyAccountMarketValueCode": "CNY",
                    "currencyTypeCode": "CNY"
                },
                {
                    "accountMarketValueAmount": 0.000,
                    "currencyAccountMarketValueCode": "USD",
                    "currencyTypeCode": "USD"
                }
            ],
            "accountGroupIdentifier": null,
            "accountListInformation": [],
            "accountModelTypeCode": null,
            "accountNickName": "CUSTOMER IA117097",
            "accountNumber": "500268669382",
            "accountOwnerInformation": [],
            "accountProductTypeCode": "AVA",
            "accountSegmentText": null,
            "accountStatusCode": "O",
            "accountTypeCode": "SEC",
            "countryInvestmentAccountCode": null,
            "currencyAccountCode": "HKD",
            "groupMemberInvestmentAccountCode": null,
            "isGbaAccount": "N",
            "jointAccountIndicator": "N",
            "jointRequestCustomerIndicator": "S",
            "srdOptionIndicator": null
        },
        {
            "accountBenchmarkCodes": [],
            "accountControlNumber": null,
            "accountFilterMultipleCurrencyInformation": [
                {
                    "accountMarketValueAmount": 16708.097,
                    "currencyAccountMarketValueCode": "HKD",
                    "currencyTypeCode": "LOCAL"
                },
                {
                    "accountMarketValueAmount": 16708.097,
                    "currencyAccountMarketValueCode": "HKD",
                    "currencyTypeCode": "PRODUCT"
                },
                {
                    "accountMarketValueAmount": 16708.097,
                    "currencyAccountMarketValueCode": "HKD",
                    "currencyTypeCode": "ACCOUNT"
                },
                {
                    "accountMarketValueAmount": 15258.851,
                    "currencyAccountMarketValueCode": "CNY",
                    "currencyTypeCode": "CNY"
                },
                {
                    "accountMarketValueAmount": 2155.008,
                    "currencyAccountMarketValueCode": "USD",
                    "currencyTypeCode": "USD"
                }
            ],
            "accountGroupIdentifier": null,
            "accountListInformation": [],
            "accountModelTypeCode": null,
            "accountNickName": "CUSTOMER IA117097",
            "accountNumber": "500666201383",
            "accountOwnerInformation": [],
            "accountProductTypeCode": "AVA",
            "accountSegmentText": null,
            "accountStatusCode": "O",
            "accountTypeCode": "SEC",
            "countryInvestmentAccountCode": null,
            "currencyAccountCode": "HKD",
            "groupMemberInvestmentAccountCode": null,
            "isGbaAccount": "N",
            "jointAccountIndicator": "N",
            "jointRequestCustomerIndicator": "S",
            "srdOptionIndicator": null
        },
        {
            "accountBenchmarkCodes": [],
            "accountControlNumber": null,
            "accountFilterMultipleCurrencyInformation": [
                {
                    "accountMarketValueAmount": 0.000,
                    "currencyAccountMarketValueCode": "HKD",
                    "currencyTypeCode": "LOCAL"
                },
                {
                    "accountMarketValueAmount": 0.000,
                    "currencyAccountMarketValueCode": "HKD",
                    "currencyTypeCode": "PRODUCT"
                },
                {
                    "accountMarketValueAmount": 0.000,
                    "currencyAccountMarketValueCode": "HKD",
                    "currencyTypeCode": "ACCOUNT"
                },
                {
                    "accountMarketValueAmount": 0.000,
                    "currencyAccountMarketValueCode": "CNY",
                    "currencyTypeCode": "CNY"
                },
                {
                    "accountMarketValueAmount": 0.000,
                    "currencyAccountMarketValueCode": "USD",
                    "currencyTypeCode": "USD"
                }
            ],
            "accountGroupIdentifier": null,
            "accountListInformation": [],
            "accountModelTypeCode": null,
            "accountNickName": "XXXXXION SXXXXXSE",
            "accountNumber": "850965559001",
            "accountOwnerInformation": [],
            "accountProductTypeCode": null,
            "accountSegmentText": null,
            "accountStatusCode": "O",
            "accountTypeCode": "CIF",
            "countryInvestmentAccountCode": null,
            "currencyAccountCode": "HKD",
            "groupMemberInvestmentAccountCode": null,
            "isGbaAccount": "N",
            "jointAccountIndicator": "N",
            "jointRequestCustomerIndicator": "S",
            "srdOptionIndicator": null
        },
        {
            "accountBenchmarkCodes": [],
            "accountControlNumber": null,
            "accountFilterMultipleCurrencyInformation": [
                {
                    "accountMarketValueAmount": 99904504.000,
                    "currencyAccountMarketValueCode": "HKD",
                    "currencyTypeCode": "LOCAL"
                },
                {
                    "accountMarketValueAmount": 99904504.000,
                    "currencyAccountMarketValueCode": "HKD",
                    "currencyTypeCode": "PRODUCT"
                },
                {
                    "accountMarketValueAmount": 99904504.000,
                    "currencyAccountMarketValueCode": "HKD",
                    "currencyTypeCode": "ACCOUNT"
                },
                {
                    "accountMarketValueAmount": 91238873.058,
                    "currencyAccountMarketValueCode": "CNY",
                    "currencyTypeCode": "CNY"
                },
                {
                    "accountMarketValueAmount": 12885666.342,
                    "currencyAccountMarketValueCode": "USD",
                    "currencyTypeCode": "USD"
                }
            ],
            "accountGroupIdentifier": null,
            "accountListInformation": [],
            "accountModelTypeCode": null,
            "accountNickName": "XXXXX     XXXXX",
            "accountNumber": "004519419833",
            "accountOwnerInformation": [],
            "accountProductTypeCode": "YPP",
            "accountSegmentText": null,
            "accountStatusCode": "O",
            "accountTypeCode": "SAV",
            "countryInvestmentAccountCode": null,
            "currencyAccountCode": "HKD",
            "groupMemberInvestmentAccountCode": null,
            "isGbaAccount": "N",
            "jointAccountIndicator": "N",
            "jointRequestCustomerIndicator": "S",
            "srdOptionIndicator": null
        }
    ],
    "accountGroupInformation": [
        {
            "accountGroupMultipleCurrencyInformation": [
                {
                    "accountCashMarketValueAmount": null,
                    "accountInvestmentMarketValueAmount": 16708.097,
                    "accountMarketValueAmount": 16708.097,
                    "currencyAccountCashMarketValueCode": null,
                    "currencyAccountInvestmentMarketValueCode": "HKD",
                    "currencyAccountMarketValueCode": "HKD",
                    "currencyProductHoldingBookValueAmountCode": "HKD",
                    "currencyProfitLossUnrealizedAmountCode": "HKD",
                    "currencyTypeCode": "LOCAL",
                    "productHoldingBookValueAmount": 12897.560,
                    "profitLossUnrealizedAmount": 3810.537,
                    "profitLossUnrealizedPercent": 29.545
                },
                {
                    "accountCashMarketValueAmount": null,
                    "accountInvestmentMarketValueAmount": 15258.851,
                    "accountMarketValueAmount": 15258.851,
                    "currencyAccountCashMarketValueCode": null,
                    "currencyAccountInvestmentMarketValueCode": "CNY",
                    "currencyAccountMarketValueCode": "CNY",
                    "currencyProductHoldingBookValueAmountCode": "CNY",
                    "currencyProfitLossUnrealizedAmountCode": "CNY",
                    "currencyTypeCode": "CNY",
                    "productHoldingBookValueAmount": 11778.837,
                    "profitLossUnrealizedAmount": 3480.014,
                    "profitLossUnrealizedPercent": 29.545
                },
                {
                    "accountCashMarketValueAmount": null,
                    "accountInvestmentMarketValueAmount": 2155.008,
                    "accountMarketValueAmount": 2155.008,
                    "currencyAccountCashMarketValueCode": null,
                    "currencyAccountInvestmentMarketValueCode": "USD",
                    "currencyAccountMarketValueCode": "USD",
                    "currencyProductHoldingBookValueAmountCode": "USD",
                    "currencyProfitLossUnrealizedAmountCode": "USD",
                    "currencyTypeCode": "USD",
                    "productHoldingBookValueAmount": 1663.525,
                    "profitLossUnrealizedAmount": 491.482,
                    "profitLossUnrealizedPercent": 29.545
                }
            ],
            "accountListInformation": [
                {
                    "accountControlNumber": null,
                    "accountGroupIdentifier": null,
                    "accountNickName": "CUST IA117097",
                    "accountNumber": "004362125380",
                    "accountOwnerInformation": [],
                    "accountProductTypeCode": null,
                    "accountTypeCode": "SEC",
                    "countryInvestmentAccountCode": null,
                    "currencyAccountCode": "HKD",
                    "groupMemberInvestmentAccountCode": null,
                    "isGbaAccount": "N",
                    "jointAccountIndicator": null,
                    "jointRequestCustomerIndicator": null
                },
                {
                    "accountControlNumber": null,
                    "accountGroupIdentifier": null,
                    "accountNickName": "CUSTOMER IA117097",
                    "accountNumber": "005641618383",
                    "accountOwnerInformation": [],
                    "accountProductTypeCode": null,
                    "accountTypeCode": "SEC",
                    "countryInvestmentAccountCode": null,
                    "currencyAccountCode": "HKD",
                    "groupMemberInvestmentAccountCode": null,
                    "isGbaAccount": "N",
                    "jointAccountIndicator": null,
                    "jointRequestCustomerIndicator": null
                },
                {
                    "accountControlNumber": null,
                    "accountGroupIdentifier": null,
                    "accountNickName": "CUSTOMER IA117097",
                    "accountNumber": "068374156383",
                    "accountOwnerInformation": [],
                    "accountProductTypeCode": "AVA",
                    "accountTypeCode": "SEC",
                    "countryInvestmentAccountCode": null,
                    "currencyAccountCode": "HKD",
                    "groupMemberInvestmentAccountCode": null,
                    "isGbaAccount": "N",
                    "jointAccountIndicator": null,
                    "jointRequestCustomerIndicator": null
                },
                {
                    "accountControlNumber": null,
                    "accountGroupIdentifier": null,
                    "accountNickName": "CUSTOMER IA117097",
                    "accountNumber": "500265012385",
                    "accountOwnerInformation": [],
                    "accountProductTypeCode": "AVA",
                    "accountTypeCode": "SEC",
                    "countryInvestmentAccountCode": null,
                    "currencyAccountCode": "HKD",
                    "groupMemberInvestmentAccountCode": null,
                    "isGbaAccount": "N",
                    "jointAccountIndicator": null,
                    "jointRequestCustomerIndicator": null
                },
                {
                    "accountControlNumber": null,
                    "accountGroupIdentifier": null,
                    "accountNickName": "CUSTOMER IA117097",
                    "accountNumber": "500268669382",
                    "accountOwnerInformation": [],
                    "accountProductTypeCode": "AVA",
                    "accountTypeCode": "SEC",
                    "countryInvestmentAccountCode": null,
                    "currencyAccountCode": "HKD",
                    "groupMemberInvestmentAccountCode": null,
                    "isGbaAccount": "N",
                    "jointAccountIndicator": null,
                    "jointRequestCustomerIndicator": null
                },
                {
                    "accountControlNumber": null,
                    "accountGroupIdentifier": null,
                    "accountNickName": "CUSTOMER IA117097",
                    "accountNumber": "500666201383",
                    "accountOwnerInformation": [],
                    "accountProductTypeCode": "AVA",
                    "accountTypeCode": "SEC",
                    "countryInvestmentAccountCode": null,
                    "currencyAccountCode": "HKD",
                    "groupMemberInvestmentAccountCode": null,
                    "isGbaAccount": "N",
                    "jointAccountIndicator": null,
                    "jointRequestCustomerIndicator": null
                }
            ],
            "cardAccountInformation": [],
            "dashboardAccountGroupIdentifier": "ACCTYPE",
            "dashboardAccountParentSubGroupIdentifier": null,
            "dashboardAccountSubGroupIdentifier": "INVESTMENT",
            "insuranceAccountInformation": [],
            "loanMortgageAccountInformation": []
        },
        {
            "accountGroupMultipleCurrencyInformation": [
                {
                    "accountCashMarketValueAmount": 0.000,
                    "accountInvestmentMarketValueAmount": null,
                    "accountMarketValueAmount": 0.000,
                    "currencyAccountCashMarketValueCode": "HKD",
                    "currencyAccountInvestmentMarketValueCode": null,
                    "currencyAccountMarketValueCode": "HKD",
                    "currencyProductHoldingBookValueAmountCode": null,
                    "currencyProfitLossUnrealizedAmountCode": null,
                    "currencyTypeCode": "LOCAL",
                    "productHoldingBookValueAmount": null,
                    "profitLossUnrealizedAmount": null,
                    "profitLossUnrealizedPercent": null
                },
                {
                    "accountCashMarketValueAmount": 0.000,
                    "accountInvestmentMarketValueAmount": null,
                    "accountMarketValueAmount": 0.000,
                    "currencyAccountCashMarketValueCode": "CNY",
                    "currencyAccountInvestmentMarketValueCode": null,
                    "currencyAccountMarketValueCode": "CNY",
                    "currencyProductHoldingBookValueAmountCode": null,
                    "currencyProfitLossUnrealizedAmountCode": null,
                    "currencyTypeCode": "CNY",
                    "productHoldingBookValueAmount": null,
                    "profitLossUnrealizedAmount": null,
                    "profitLossUnrealizedPercent": null
                },
                {
                    "accountCashMarketValueAmount": 0.000,
                    "accountInvestmentMarketValueAmount": null,
                    "accountMarketValueAmount": 0.000,
                    "currencyAccountCashMarketValueCode": "USD",
                    "currencyAccountInvestmentMarketValueCode": null,
                    "currencyAccountMarketValueCode": "USD",
                    "currencyProductHoldingBookValueAmountCode": null,
                    "currencyProfitLossUnrealizedAmountCode": null,
                    "currencyTypeCode": "USD",
                    "productHoldingBookValueAmount": null,
                    "profitLossUnrealizedAmount": null,
                    "profitLossUnrealizedPercent": null
                }
            ],
            "accountListInformation": [
                {
                    "accountControlNumber": null,
                    "accountGroupIdentifier": null,
                    "accountNickName": "XXXXXION SXXXXXSE",
                    "accountNumber": "850965559001",
                    "accountOwnerInformation": [],
                    "accountProductTypeCode": null,
                    "accountTypeCode": "CIF",
                    "countryInvestmentAccountCode": null,
                    "currencyAccountCode": "HKD",
                    "groupMemberInvestmentAccountCode": null,
                    "isGbaAccount": "N",
                    "jointAccountIndicator": null,
                    "jointRequestCustomerIndicator": null
                }
            ],
            "cardAccountInformation": [],
            "dashboardAccountGroupIdentifier": "ACCTYPE",
            "dashboardAccountParentSubGroupIdentifier": null,
            "dashboardAccountSubGroupIdentifier": "CURRENT",
            "insuranceAccountInformation": [],
            "loanMortgageAccountInformation": []
        },
        {
            "accountGroupMultipleCurrencyInformation": [
                {
                    "accountCashMarketValueAmount": 99904504.000,
                    "accountInvestmentMarketValueAmount": null,
                    "accountMarketValueAmount": 99904504.000,
                    "currencyAccountCashMarketValueCode": "HKD",
                    "currencyAccountInvestmentMarketValueCode": null,
                    "currencyAccountMarketValueCode": "HKD",
                    "currencyProductHoldingBookValueAmountCode": null,
                    "currencyProfitLossUnrealizedAmountCode": null,
                    "currencyTypeCode": "LOCAL",
                    "productHoldingBookValueAmount": null,
                    "profitLossUnrealizedAmount": null,
                    "profitLossUnrealizedPercent": null
                },
                {
                    "accountCashMarketValueAmount": 91238873.058,
                    "accountInvestmentMarketValueAmount": null,
                    "accountMarketValueAmount": 91238873.058,
                    "currencyAccountCashMarketValueCode": "CNY",
                    "currencyAccountInvestmentMarketValueCode": null,
                    "currencyAccountMarketValueCode": "CNY",
                    "currencyProductHoldingBookValueAmountCode": null,
                    "currencyProfitLossUnrealizedAmountCode": null,
                    "currencyTypeCode": "CNY",
                    "productHoldingBookValueAmount": null,
                    "profitLossUnrealizedAmount": null,
                    "profitLossUnrealizedPercent": null
                },
                {
                    "accountCashMarketValueAmount": 12885666.342,
                    "accountInvestmentMarketValueAmount": null,
                    "accountMarketValueAmount": 12885666.342,
                    "currencyAccountCashMarketValueCode": "USD",
                    "currencyAccountInvestmentMarketValueCode": null,
                    "currencyAccountMarketValueCode": "USD",
                    "currencyProductHoldingBookValueAmountCode": null,
                    "currencyProfitLossUnrealizedAmountCode": null,
                    "currencyTypeCode": "USD",
                    "productHoldingBookValueAmount": null,
                    "profitLossUnrealizedAmount": null,
                    "profitLossUnrealizedPercent": null
                }
            ],
            "accountListInformation": [
                {
                    "accountControlNumber": null,
                    "accountGroupIdentifier": null,
                    "accountNickName": "XXXXX     XXXXX",
                    "accountNumber": "004519419833",
                    "accountOwnerInformation": [],
                    "accountProductTypeCode": "YPP",
                    "accountTypeCode": "SAV",
                    "countryInvestmentAccountCode": null,
                    "currencyAccountCode": "HKD",
                    "groupMemberInvestmentAccountCode": null,
                    "isGbaAccount": "N",
                    "jointAccountIndicator": null,
                    "jointRequestCustomerIndicator": null
                }
            ],
            "cardAccountInformation": [],
            "dashboardAccountGroupIdentifier": "ACCTYPE",
            "dashboardAccountParentSubGroupIdentifier": null,
            "dashboardAccountSubGroupIdentifier": "SAVING",
            "insuranceAccountInformation": [],
            "loanMortgageAccountInformation": []
        },
        {
            "accountGroupMultipleCurrencyInformation": [
                {
                    "accountCashMarketValueAmount": null,
                    "accountInvestmentMarketValueAmount": 16708.097,
                    "accountMarketValueAmount": 16708.097,
                    "currencyAccountCashMarketValueCode": null,
                    "currencyAccountInvestmentMarketValueCode": "HKD",
                    "currencyAccountMarketValueCode": "HKD",
                    "currencyProductHoldingBookValueAmountCode": "HKD",
                    "currencyProfitLossUnrealizedAmountCode": "HKD",
                    "currencyTypeCode": "LOCAL",
                    "productHoldingBookValueAmount": 12897.560,
                    "profitLossUnrealizedAmount": 3810.537,
                    "profitLossUnrealizedPercent": 29.545
                },
                {
                    "accountCashMarketValueAmount": null,
                    "accountInvestmentMarketValueAmount": 15258.851,
                    "accountMarketValueAmount": 15258.851,
                    "currencyAccountCashMarketValueCode": null,
                    "currencyAccountInvestmentMarketValueCode": "CNY",
                    "currencyAccountMarketValueCode": "CNY",
                    "currencyProductHoldingBookValueAmountCode": "CNY",
                    "currencyProfitLossUnrealizedAmountCode": "CNY",
                    "currencyTypeCode": "CNY",
                    "productHoldingBookValueAmount": 11778.837,
                    "profitLossUnrealizedAmount": 3480.014,
                    "profitLossUnrealizedPercent": 29.545
                },
                {
                    "accountCashMarketValueAmount": null,
                    "accountInvestmentMarketValueAmount": 2155.008,
                    "accountMarketValueAmount": 2155.008,
                    "currencyAccountCashMarketValueCode": null,
                    "currencyAccountInvestmentMarketValueCode": "USD",
                    "currencyAccountMarketValueCode": "USD",
                    "currencyProductHoldingBookValueAmountCode": "USD",
                    "currencyProfitLossUnrealizedAmountCode": "USD",
                    "currencyTypeCode": "USD",
                    "productHoldingBookValueAmount": 1663.525,
                    "profitLossUnrealizedAmount": 491.482,
                    "profitLossUnrealizedPercent": 29.545
                }
            ],
            "accountListInformation": [
                {
                    "accountControlNumber": null,
                    "accountGroupIdentifier": null,
                    "accountNickName": "CUST IA117097",
                    "accountNumber": "004362125380",
                    "accountOwnerInformation": [],
                    "accountProductTypeCode": null,
                    "accountTypeCode": "SEC",
                    "countryInvestmentAccountCode": null,
                    "currencyAccountCode": "HKD",
                    "groupMemberInvestmentAccountCode": null,
                    "isGbaAccount": "N",
                    "jointAccountIndicator": null,
                    "jointRequestCustomerIndicator": null
                },
                {
                    "accountControlNumber": null,
                    "accountGroupIdentifier": null,
                    "accountNickName": "CUSTOMER IA117097",
                    "accountNumber": "005641618383",
                    "accountOwnerInformation": [],
                    "accountProductTypeCode": null,
                    "accountTypeCode": "SEC",
                    "countryInvestmentAccountCode": null,
                    "currencyAccountCode": "HKD",
                    "groupMemberInvestmentAccountCode": null,
                    "isGbaAccount": "N",
                    "jointAccountIndicator": null,
                    "jointRequestCustomerIndicator": null
                },
                {
                    "accountControlNumber": null,
                    "accountGroupIdentifier": null,
                    "accountNickName": "CUSTOMER IA117097",
                    "accountNumber": "068374156383",
                    "accountOwnerInformation": [],
                    "accountProductTypeCode": "AVA",
                    "accountTypeCode": "SEC",
                    "countryInvestmentAccountCode": null,
                    "currencyAccountCode": "HKD",
                    "groupMemberInvestmentAccountCode": null,
                    "isGbaAccount": "N",
                    "jointAccountIndicator": null,
                    "jointRequestCustomerIndicator": null
                },
                {
                    "accountControlNumber": null,
                    "accountGroupIdentifier": null,
                    "accountNickName": "CUSTOMER IA117097",
                    "accountNumber": "500265012385",
                    "accountOwnerInformation": [],
                    "accountProductTypeCode": "AVA",
                    "accountTypeCode": "SEC",
                    "countryInvestmentAccountCode": null,
                    "currencyAccountCode": "HKD",
                    "groupMemberInvestmentAccountCode": null,
                    "isGbaAccount": "N",
                    "jointAccountIndicator": null,
                    "jointRequestCustomerIndicator": null
                },
                {
                    "accountControlNumber": null,
                    "accountGroupIdentifier": null,
                    "accountNickName": "CUSTOMER IA117097",
                    "accountNumber": "500268669382",
                    "accountOwnerInformation": [],
                    "accountProductTypeCode": "AVA",
                    "accountTypeCode": "SEC",
                    "countryInvestmentAccountCode": null,
                    "currencyAccountCode": "HKD",
                    "groupMemberInvestmentAccountCode": null,
                    "isGbaAccount": "N",
                    "jointAccountIndicator": null,
                    "jointRequestCustomerIndicator": null
                },
                {
                    "accountControlNumber": null,
                    "accountGroupIdentifier": null,
                    "accountNickName": "CUSTOMER IA117097",
                    "accountNumber": "500666201383",
                    "accountOwnerInformation": [],
                    "accountProductTypeCode": "AVA",
                    "accountTypeCode": "SEC",
                    "countryInvestmentAccountCode": null,
                    "currencyAccountCode": "HKD",
                    "groupMemberInvestmentAccountCode": null,
                    "isGbaAccount": "N",
                    "jointAccountIndicator": null,
                    "jointRequestCustomerIndicator": null
                }
            ],
            "cardAccountInformation": [],
            "dashboardAccountGroupIdentifier": "TAXSTATUS",
            "dashboardAccountParentSubGroupIdentifier": null,
            "dashboardAccountSubGroupIdentifier": "TAXDEFERRED",
            "insuranceAccountInformation": [],
            "loanMortgageAccountInformation": []
        },
        {
            "accountGroupMultipleCurrencyInformation": [
                {
                    "accountCashMarketValueAmount": 99904504.000,
                    "accountInvestmentMarketValueAmount": null,
                    "accountMarketValueAmount": 99904504.000,
                    "currencyAccountCashMarketValueCode": "HKD",
                    "currencyAccountInvestmentMarketValueCode": null,
                    "currencyAccountMarketValueCode": "HKD",
                    "currencyProductHoldingBookValueAmountCode": null,
                    "currencyProfitLossUnrealizedAmountCode": null,
                    "currencyTypeCode": "LOCAL",
                    "productHoldingBookValueAmount": null,
                    "profitLossUnrealizedAmount": null,
                    "profitLossUnrealizedPercent": null
                },
                {
                    "accountCashMarketValueAmount": 91238873.058,
                    "accountInvestmentMarketValueAmount": null,
                    "accountMarketValueAmount": 91238873.058,
                    "currencyAccountCashMarketValueCode": "CNY",
                    "currencyAccountInvestmentMarketValueCode": null,
                    "currencyAccountMarketValueCode": "CNY",
                    "currencyProductHoldingBookValueAmountCode": null,
                    "currencyProfitLossUnrealizedAmountCode": null,
                    "currencyTypeCode": "CNY",
                    "productHoldingBookValueAmount": null,
                    "profitLossUnrealizedAmount": null,
                    "profitLossUnrealizedPercent": null
                },
                {
                    "accountCashMarketValueAmount": 12885666.342,
                    "accountInvestmentMarketValueAmount": null,
                    "accountMarketValueAmount": 12885666.342,
                    "currencyAccountCashMarketValueCode": "USD",
                    "currencyAccountInvestmentMarketValueCode": null,
                    "currencyAccountMarketValueCode": "USD",
                    "currencyProductHoldingBookValueAmountCode": null,
                    "currencyProfitLossUnrealizedAmountCode": null,
                    "currencyTypeCode": "USD",
                    "productHoldingBookValueAmount": null,
                    "profitLossUnrealizedAmount": null,
                    "profitLossUnrealizedPercent": null
                }
            ],
            "accountListInformation": [
                {
                    "accountControlNumber": null,
                    "accountGroupIdentifier": null,
                    "accountNickName": "XXXXX     XXXXX",
                    "accountNumber": "004519419833",
                    "accountOwnerInformation": [],
                    "accountProductTypeCode": "YPP",
                    "accountTypeCode": "SAV",
                    "countryInvestmentAccountCode": null,
                    "currencyAccountCode": "HKD",
                    "groupMemberInvestmentAccountCode": null,
                    "isGbaAccount": "N",
                    "jointAccountIndicator": null,
                    "jointRequestCustomerIndicator": null
                },
                {
                    "accountControlNumber": null,
                    "accountGroupIdentifier": null,
                    "accountNickName": "XXXXXION SXXXXXSE",
                    "accountNumber": "850965559001",
                    "accountOwnerInformation": [],
                    "accountProductTypeCode": null,
                    "accountTypeCode": "CIF",
                    "countryInvestmentAccountCode": null,
                    "currencyAccountCode": "HKD",
                    "groupMemberInvestmentAccountCode": null,
                    "isGbaAccount": "N",
                    "jointAccountIndicator": null,
                    "jointRequestCustomerIndicator": null
                }
            ],
            "cardAccountInformation": [],
            "dashboardAccountGroupIdentifier": "TAXSTATUS",
            "dashboardAccountParentSubGroupIdentifier": null,
            "dashboardAccountSubGroupIdentifier": "FULLYTAXED",
            "insuranceAccountInformation": [],
            "loanMortgageAccountInformation": []
        }
    ],
    "accountOverviewInformation": [],
    "additionalScreenInformation": {
        "customerAgreementNotSignNumber": ""
    },
    "aggregateXRaySummary": [],
    "customerDetailInformation": null,
    "customerTotalHoldingInformation": [],
    "holdingOrderInformation": [],
    "holdingSummary": [],
    "modelPortfolioInformation": null,
    "monthlyRealizedGainLossInformation": [],
    "otherHoldingAdditionalInformation": {
        "maxOtherAssetCountIndicator": false,
        "maxOtherInsuranceCountIndicator": false,
        "maxOtherLiabilityCountIndicator": false
    },
    "paginationResponse": [
        {
            "endDetail": null,
            "numberOfRecords": 0,
            "pagingDirectionCode": null,
            "startDetail": null,
            "totalNumberOfRecords": 0
        }
    ],
    "portfolioAnalysisHoldingDetailsInformation": [],
    "portfolioAnalysisInformation": [],
    "portfolioDetailInformation": [
        {
            "holdingBalanceTotalTypeCode": "INVT",
            "ilasHoldingInsuranceProdInformation": [],
            "portfolioDetailMultipleCurrencyInformation": [
                {
                    "balanceMarginAvailableAmount": null,
                    "currencyBalanceMarginAvailableAmountCode": null,
                    "currencyForecastIncomeAmountCode": null,
                    "currencyIncomeCurrentPurchasePeriodCode": "HKD",
                    "currencyIncomeProductAmountCode": "HKD",
                    "currencyProductHoldingBookValueAmountCode": "HKD",
                    "currencyProductHoldingMarketValueAmountCode": "HKD",
                    "currencyProfitLossRealizedAmountCode": null,
                    "currencyProfitLossRealizedIncludeIncomeCode": "HKD",
                    "currencyProfitLossUnrealizedAmountCode": "HKD",
                    "currencyProfitLossUnrealizedIncludeIncomeCode": "HKD",
                    "currencyTypeCode": "LOCAL",
                    "estimatedYieldPercent": null,
                    "forecastIncomeAmount": null,
                    "incomeCurrentPurchasePeriodAmount": 0.000,
                    "incomeProductAmount": 0.000,
                    "productHoldingBookValueAmount": 12897.560,
                    "productHoldingMarketValueAmount": 16708.097,
                    "profitLossRealizedAmount": null,
                    "profitLossRealizedIncludeIncomeAmount": 0.000,
                    "profitLossRealizedIncludeIncomePercent": 0.000,
                    "profitLossRealizedPercent": null,
                    "profitLossUnrealizedAmount": 3810.537,
                    "profitLossUnrealizedIncludeIncomeAmount": 3810.537,
                    "profitLossUnrealizedIncludeIncomePercent": 29.545,
                    "profitLossUnrealizedPercent": 29.545
                },
                {
                    "balanceMarginAvailableAmount": null,
                    "currencyBalanceMarginAvailableAmountCode": null,
                    "currencyForecastIncomeAmountCode": null,
                    "currencyIncomeCurrentPurchasePeriodCode": "HKD",
                    "currencyIncomeProductAmountCode": "HKD",
                    "currencyProductHoldingBookValueAmountCode": "HKD",
                    "currencyProductHoldingMarketValueAmountCode": "HKD",
                    "currencyProfitLossRealizedAmountCode": null,
                    "currencyProfitLossRealizedIncludeIncomeCode": "HKD",
                    "currencyProfitLossUnrealizedAmountCode": "HKD",
                    "currencyProfitLossUnrealizedIncludeIncomeCode": "HKD",
                    "currencyTypeCode": "ACCOUNT",
                    "estimatedYieldPercent": null,
                    "forecastIncomeAmount": null,
                    "incomeCurrentPurchasePeriodAmount": 0.000,
                    "incomeProductAmount": 0.000,
                    "productHoldingBookValueAmount": 12897.560,
                    "productHoldingMarketValueAmount": 16708.097,
                    "profitLossRealizedAmount": null,
                    "profitLossRealizedIncludeIncomeAmount": 0.000,
                    "profitLossRealizedIncludeIncomePercent": 0.000,
                    "profitLossRealizedPercent": null,
                    "profitLossUnrealizedAmount": 3810.537,
                    "profitLossUnrealizedIncludeIncomeAmount": 3810.537,
                    "profitLossUnrealizedIncludeIncomePercent": 29.545,
                    "profitLossUnrealizedPercent": 29.545
                },
                {
                    "balanceMarginAvailableAmount": null,
                    "currencyBalanceMarginAvailableAmountCode": null,
                    "currencyForecastIncomeAmountCode": null,
                    "currencyIncomeCurrentPurchasePeriodCode": "CNY",
                    "currencyIncomeProductAmountCode": "CNY",
                    "currencyProductHoldingBookValueAmountCode": "CNY",
                    "currencyProductHoldingMarketValueAmountCode": "CNY",
                    "currencyProfitLossRealizedAmountCode": null,
                    "currencyProfitLossRealizedIncludeIncomeCode": "CNY",
                    "currencyProfitLossUnrealizedAmountCode": "CNY",
                    "currencyProfitLossUnrealizedIncludeIncomeCode": "CNY",
                    "currencyTypeCode": "CNY",
                    "estimatedYieldPercent": null,
                    "forecastIncomeAmount": null,
                    "incomeCurrentPurchasePeriodAmount": 0.000,
                    "incomeProductAmount": 0.000,
                    "productHoldingBookValueAmount": 11778.837,
                    "productHoldingMarketValueAmount": 15258.851,
                    "profitLossRealizedAmount": null,
                    "profitLossRealizedIncludeIncomeAmount": 0.000,
                    "profitLossRealizedIncludeIncomePercent": 0.000,
                    "profitLossRealizedPercent": null,
                    "profitLossUnrealizedAmount": 3480.014,
                    "profitLossUnrealizedIncludeIncomeAmount": 3480.014,
                    "profitLossUnrealizedIncludeIncomePercent": 29.545,
                    "profitLossUnrealizedPercent": 29.545
                },
                {
                    "balanceMarginAvailableAmount": null,
                    "currencyBalanceMarginAvailableAmountCode": null,
                    "currencyForecastIncomeAmountCode": null,
                    "currencyIncomeCurrentPurchasePeriodCode": "USD",
                    "currencyIncomeProductAmountCode": "USD",
                    "currencyProductHoldingBookValueAmountCode": "USD",
                    "currencyProductHoldingMarketValueAmountCode": "USD",
                    "currencyProfitLossRealizedAmountCode": null,
                    "currencyProfitLossRealizedIncludeIncomeCode": "USD",
                    "currencyProfitLossUnrealizedAmountCode": "USD",
                    "currencyProfitLossUnrealizedIncludeIncomeCode": "USD",
                    "currencyTypeCode": "USD",
                    "estimatedYieldPercent": null,
                    "forecastIncomeAmount": null,
                    "incomeCurrentPurchasePeriodAmount": 0.000,
                    "incomeProductAmount": 0.000,
                    "productHoldingBookValueAmount": 1663.525,
                    "productHoldingMarketValueAmount": 2155.008,
                    "profitLossRealizedAmount": null,
                    "profitLossRealizedIncludeIncomeAmount": 0.000,
                    "profitLossRealizedIncludeIncomePercent": 0.000,
                    "profitLossRealizedPercent": null,
                    "profitLossUnrealizedAmount": 491.482,
                    "profitLossUnrealizedIncludeIncomeAmount": 491.482,
                    "profitLossUnrealizedIncludeIncomePercent": 29.545,
                    "profitLossUnrealizedPercent": 29.545
                }
            ],
            "productDashboardTypeCode": "UT",
            "priceLastUpdateDateTime": 1610323200000,
            "timeZoneDisplayCode": "Asia/Hong_Kong",
            "productHoldingMarketValuePercent": 100.0000
        },
        {
            "holdingBalanceTotalTypeCode": "CASH",
            "ilasHoldingInsuranceProdInformation": [],
            "portfolioDetailMultipleCurrencyInformation": [
                {
                    "balanceMarginAvailableAmount": null,
                    "currencyBalanceMarginAvailableAmountCode": null,
                    "currencyForecastIncomeAmountCode": null,
                    "currencyIncomeCurrentPurchasePeriodCode": null,
                    "currencyIncomeProductAmountCode": null,
                    "currencyProductHoldingBookValueAmountCode": null,
                    "currencyProductHoldingMarketValueAmountCode": "HKD",
                    "currencyProfitLossRealizedAmountCode": null,
                    "currencyProfitLossRealizedIncludeIncomeCode": null,
                    "currencyProfitLossUnrealizedAmountCode": null,
                    "currencyProfitLossUnrealizedIncludeIncomeCode": null,
                    "currencyTypeCode": "LOCAL",
                    "estimatedYieldPercent": null,
                    "forecastIncomeAmount": null,
                    "incomeCurrentPurchasePeriodAmount": null,
                    "incomeProductAmount": null,
                    "productHoldingBookValueAmount": null,
                    "productHoldingMarketValueAmount": 99904504.000,
                    "profitLossRealizedAmount": null,
                    "profitLossRealizedIncludeIncomeAmount": null,
                    "profitLossRealizedIncludeIncomePercent": null,
                    "profitLossRealizedPercent": null,
                    "profitLossUnrealizedAmount": null,
                    "profitLossUnrealizedIncludeIncomeAmount": null,
                    "profitLossUnrealizedIncludeIncomePercent": null,
                    "profitLossUnrealizedPercent": null
                },
                {
                    "balanceMarginAvailableAmount": null,
                    "currencyBalanceMarginAvailableAmountCode": null,
                    "currencyForecastIncomeAmountCode": null,
                    "currencyIncomeCurrentPurchasePeriodCode": null,
                    "currencyIncomeProductAmountCode": null,
                    "currencyProductHoldingBookValueAmountCode": null,
                    "currencyProductHoldingMarketValueAmountCode": "HKD",
                    "currencyProfitLossRealizedAmountCode": null,
                    "currencyProfitLossRealizedIncludeIncomeCode": null,
                    "currencyProfitLossUnrealizedAmountCode": null,
                    "currencyProfitLossUnrealizedIncludeIncomeCode": null,
                    "currencyTypeCode": "ACCOUNT",
                    "estimatedYieldPercent": null,
                    "forecastIncomeAmount": null,
                    "incomeCurrentPurchasePeriodAmount": null,
                    "incomeProductAmount": null,
                    "productHoldingBookValueAmount": null,
                    "productHoldingMarketValueAmount": 99904504.000,
                    "profitLossRealizedAmount": null,
                    "profitLossRealizedIncludeIncomeAmount": null,
                    "profitLossRealizedIncludeIncomePercent": null,
                    "profitLossRealizedPercent": null,
                    "profitLossUnrealizedAmount": null,
                    "profitLossUnrealizedIncludeIncomeAmount": null,
                    "profitLossUnrealizedIncludeIncomePercent": null,
                    "profitLossUnrealizedPercent": null
                },
                {
                    "balanceMarginAvailableAmount": null,
                    "currencyBalanceMarginAvailableAmountCode": null,
                    "currencyForecastIncomeAmountCode": null,
                    "currencyIncomeCurrentPurchasePeriodCode": null,
                    "currencyIncomeProductAmountCode": null,
                    "currencyProductHoldingBookValueAmountCode": null,
                    "currencyProductHoldingMarketValueAmountCode": "CNY",
                    "currencyProfitLossRealizedAmountCode": null,
                    "currencyProfitLossRealizedIncludeIncomeCode": null,
                    "currencyProfitLossUnrealizedAmountCode": null,
                    "currencyProfitLossUnrealizedIncludeIncomeCode": null,
                    "currencyTypeCode": "CNY",
                    "estimatedYieldPercent": null,
                    "forecastIncomeAmount": null,
                    "incomeCurrentPurchasePeriodAmount": null,
                    "incomeProductAmount": null,
                    "productHoldingBookValueAmount": null,
                    "productHoldingMarketValueAmount": 91238873.058,
                    "profitLossRealizedAmount": null,
                    "profitLossRealizedIncludeIncomeAmount": null,
                    "profitLossRealizedIncludeIncomePercent": null,
                    "profitLossRealizedPercent": null,
                    "profitLossUnrealizedAmount": null,
                    "profitLossUnrealizedIncludeIncomeAmount": null,
                    "profitLossUnrealizedIncludeIncomePercent": null,
                    "profitLossUnrealizedPercent": null
                },
                {
                    "balanceMarginAvailableAmount": null,
                    "currencyBalanceMarginAvailableAmountCode": null,
                    "currencyForecastIncomeAmountCode": null,
                    "currencyIncomeCurrentPurchasePeriodCode": null,
                    "currencyIncomeProductAmountCode": null,
                    "currencyProductHoldingBookValueAmountCode": null,
                    "currencyProductHoldingMarketValueAmountCode": "USD",
                    "currencyProfitLossRealizedAmountCode": null,
                    "currencyProfitLossRealizedIncludeIncomeCode": null,
                    "currencyProfitLossUnrealizedAmountCode": null,
                    "currencyProfitLossUnrealizedIncludeIncomeCode": null,
                    "currencyTypeCode": "USD",
                    "estimatedYieldPercent": null,
                    "forecastIncomeAmount": null,
                    "incomeCurrentPurchasePeriodAmount": null,
                    "incomeProductAmount": null,
                    "productHoldingBookValueAmount": null,
                    "productHoldingMarketValueAmount": 12885666.342,
                    "profitLossRealizedAmount": null,
                    "profitLossRealizedIncludeIncomeAmount": null,
                    "profitLossRealizedIncludeIncomePercent": null,
                    "profitLossRealizedPercent": null,
                    "profitLossUnrealizedAmount": null,
                    "profitLossUnrealizedIncludeIncomeAmount": null,
                    "profitLossUnrealizedIncludeIncomePercent": null,
                    "profitLossUnrealizedPercent": null
                }
            ],
            "productDashboardTypeCode": "LCYDEP",
            "priceLastUpdateDateTime": null,
            "timeZoneDisplayCode": "Asia/Hong_Kong",
            "productHoldingMarketValuePercent": null
        }
    ],
    "portfolioTotalInformation": [
        {
            "holdingBalanceTotalTypeCode": "INVT",
            "marginAccountIndicator": false,
            "portfolioTotalCurrencyGroupInformation": [],
            "portfolioTotalMultipleCurrencyInformation": [
                {
                    "assetMarketValueAmount": null,
                    "balanceMarginAvailableAmount": null,
                    "currencyAssetMarketValueCode": null,
                    "currencyBalanceMarginAvailableAmountCode": null,
                    "currencyForecastIncomeAmountCode": null,
                    "currencyIncomeCurrentPurchasePeriodCode": "HKD",
                    "currencyIncomeProductAmountCode": "HKD",
                    "currencyLiabilityMarketValueCode": null,
                    "currencyProductHoldingBookValueAmountCode": "HKD",
                    "currencyProductHoldingMarketValueAmountCode": "HKD",
                    "currencyProfitLossRealizedAmountCode": null,
                    "currencyProfitLossRealizedIncludeIncomeCode": null,
                    "currencyProfitLossUnrealizedAmountCode": "HKD",
                    "currencyProfitLossUnrealizedIncludeIncomeCode": "HKD",
                    "currencyTypeCode": "LOCAL",
                    "estimatedYieldPercent": null,
                    "forecastIncomeAmount": null,
                    "incomeCurrentPurchasePeriodAmount": 0.000,
                    "incomeProductAmount": 0.000,
                    "liabilityMarketValueAmount": null,
                    "productHoldingBookValueAmount": 12897.560,
                    "productHoldingMarketValueAmount": 16708.097,
                    "profitLossRealizedAmount": null,
                    "profitLossRealizedIncludeIncomeAmount": null,
                    "profitLossRealizedIncludeIncomePercent": null,
                    "profitLossRealizedPercent": null,
                    "profitLossUnrealizedAmount": 3810.537,
                    "profitLossUnrealizedIncludeIncomeAmount": 3810.537,
                    "profitLossUnrealizedIncludeIncomePercent": 29.545,
                    "profitLossUnrealizedPercent": 29.545
                },
                {
                    "assetMarketValueAmount": null,
                    "balanceMarginAvailableAmount": null,
                    "currencyAssetMarketValueCode": null,
                    "currencyBalanceMarginAvailableAmountCode": null,
                    "currencyForecastIncomeAmountCode": null,
                    "currencyIncomeCurrentPurchasePeriodCode": "HKD",
                    "currencyIncomeProductAmountCode": "HKD",
                    "currencyLiabilityMarketValueCode": null,
                    "currencyProductHoldingBookValueAmountCode": "HKD",
                    "currencyProductHoldingMarketValueAmountCode": "HKD",
                    "currencyProfitLossRealizedAmountCode": null,
                    "currencyProfitLossRealizedIncludeIncomeCode": null,
                    "currencyProfitLossUnrealizedAmountCode": "HKD",
                    "currencyProfitLossUnrealizedIncludeIncomeCode": "HKD",
                    "currencyTypeCode": "ACCOUNT",
                    "estimatedYieldPercent": null,
                    "forecastIncomeAmount": null,
                    "incomeCurrentPurchasePeriodAmount": 0.000,
                    "incomeProductAmount": 0.000,
                    "liabilityMarketValueAmount": null,
                    "productHoldingBookValueAmount": 12897.560,
                    "productHoldingMarketValueAmount": 16708.097,
                    "profitLossRealizedAmount": null,
                    "profitLossRealizedIncludeIncomeAmount": null,
                    "profitLossRealizedIncludeIncomePercent": null,
                    "profitLossRealizedPercent": null,
                    "profitLossUnrealizedAmount": 3810.537,
                    "profitLossUnrealizedIncludeIncomeAmount": 3810.537,
                    "profitLossUnrealizedIncludeIncomePercent": 29.545,
                    "profitLossUnrealizedPercent": 29.545
                },
                {
                    "assetMarketValueAmount": null,
                    "balanceMarginAvailableAmount": null,
                    "currencyAssetMarketValueCode": null,
                    "currencyBalanceMarginAvailableAmountCode": null,
                    "currencyForecastIncomeAmountCode": null,
                    "currencyIncomeCurrentPurchasePeriodCode": "CNY",
                    "currencyIncomeProductAmountCode": "CNY",
                    "currencyLiabilityMarketValueCode": null,
                    "currencyProductHoldingBookValueAmountCode": "CNY",
                    "currencyProductHoldingMarketValueAmountCode": "CNY",
                    "currencyProfitLossRealizedAmountCode": null,
                    "currencyProfitLossRealizedIncludeIncomeCode": null,
                    "currencyProfitLossUnrealizedAmountCode": "CNY",
                    "currencyProfitLossUnrealizedIncludeIncomeCode": "CNY",
                    "currencyTypeCode": "CNY",
                    "estimatedYieldPercent": null,
                    "forecastIncomeAmount": null,
                    "incomeCurrentPurchasePeriodAmount": 0.000,
                    "incomeProductAmount": 0.000,
                    "liabilityMarketValueAmount": null,
                    "productHoldingBookValueAmount": 11778.837,
                    "productHoldingMarketValueAmount": 15258.851,
                    "profitLossRealizedAmount": null,
                    "profitLossRealizedIncludeIncomeAmount": null,
                    "profitLossRealizedIncludeIncomePercent": null,
                    "profitLossRealizedPercent": null,
                    "profitLossUnrealizedAmount": 3480.014,
                    "profitLossUnrealizedIncludeIncomeAmount": 3480.014,
                    "profitLossUnrealizedIncludeIncomePercent": 29.545,
                    "profitLossUnrealizedPercent": 29.545
                },
                {
                    "assetMarketValueAmount": null,
                    "balanceMarginAvailableAmount": null,
                    "currencyAssetMarketValueCode": null,
                    "currencyBalanceMarginAvailableAmountCode": null,
                    "currencyForecastIncomeAmountCode": null,
                    "currencyIncomeCurrentPurchasePeriodCode": "USD",
                    "currencyIncomeProductAmountCode": "USD",
                    "currencyLiabilityMarketValueCode": null,
                    "currencyProductHoldingBookValueAmountCode": "USD",
                    "currencyProductHoldingMarketValueAmountCode": "USD",
                    "currencyProfitLossRealizedAmountCode": null,
                    "currencyProfitLossRealizedIncludeIncomeCode": null,
                    "currencyProfitLossUnrealizedAmountCode": "USD",
                    "currencyProfitLossUnrealizedIncludeIncomeCode": "USD",
                    "currencyTypeCode": "USD",
                    "estimatedYieldPercent": null,
                    "forecastIncomeAmount": null,
                    "incomeCurrentPurchasePeriodAmount": 0.000,
                    "incomeProductAmount": 0.000,
                    "liabilityMarketValueAmount": null,
                    "productHoldingBookValueAmount": 1663.525,
                    "productHoldingMarketValueAmount": 2155.008,
                    "profitLossRealizedAmount": null,
                    "profitLossRealizedIncludeIncomeAmount": null,
                    "profitLossRealizedIncludeIncomePercent": null,
                    "profitLossRealizedPercent": null,
                    "profitLossUnrealizedAmount": 491.482,
                    "profitLossUnrealizedIncludeIncomeAmount": 491.482,
                    "profitLossUnrealizedIncludeIncomePercent": 29.545,
                    "profitLossUnrealizedPercent": 29.545
                }
            ]
        },
        {
            "holdingBalanceTotalTypeCode": "TOTAL",
            "marginAccountIndicator": false,
            "portfolioTotalCurrencyGroupInformation": [
                {
                    "currencyProductHoldingMarketValueAmountCode": "HKD",
                    "productHoldingMarketValueAmount": 99921212.097
                }
            ],
            "portfolioTotalMultipleCurrencyInformation": [
                {
                    "assetMarketValueAmount": 99921212.097,
                    "balanceMarginAvailableAmount": null,
                    "currencyAssetMarketValueCode": "HKD",
                    "currencyBalanceMarginAvailableAmountCode": null,
                    "currencyForecastIncomeAmountCode": null,
                    "currencyIncomeCurrentPurchasePeriodCode": null,
                    "currencyIncomeProductAmountCode": null,
                    "currencyLiabilityMarketValueCode": "HKD",
                    "currencyProductHoldingBookValueAmountCode": null,
                    "currencyProductHoldingMarketValueAmountCode": "HKD",
                    "currencyProfitLossRealizedAmountCode": null,
                    "currencyProfitLossRealizedIncludeIncomeCode": null,
                    "currencyProfitLossUnrealizedAmountCode": null,
                    "currencyProfitLossUnrealizedIncludeIncomeCode": null,
                    "currencyTypeCode": "LOCAL",
                    "estimatedYieldPercent": null,
                    "forecastIncomeAmount": null,
                    "incomeCurrentPurchasePeriodAmount": null,
                    "incomeProductAmount": null,
                    "liabilityMarketValueAmount": 0.000,
                    "productHoldingBookValueAmount": null,
                    "productHoldingMarketValueAmount": 99921212.097,
                    "profitLossRealizedAmount": null,
                    "profitLossRealizedIncludeIncomeAmount": null,
                    "profitLossRealizedIncludeIncomePercent": null,
                    "profitLossRealizedPercent": null,
                    "profitLossUnrealizedAmount": null,
                    "profitLossUnrealizedIncludeIncomeAmount": null,
                    "profitLossUnrealizedIncludeIncomePercent": null,
                    "profitLossUnrealizedPercent": null
                },
                {
                    "assetMarketValueAmount": 99921212.097,
                    "balanceMarginAvailableAmount": null,
                    "currencyAssetMarketValueCode": "HKD",
                    "currencyBalanceMarginAvailableAmountCode": null,
                    "currencyForecastIncomeAmountCode": null,
                    "currencyIncomeCurrentPurchasePeriodCode": null,
                    "currencyIncomeProductAmountCode": null,
                    "currencyLiabilityMarketValueCode": "HKD",
                    "currencyProductHoldingBookValueAmountCode": null,
                    "currencyProductHoldingMarketValueAmountCode": "HKD",
                    "currencyProfitLossRealizedAmountCode": null,
                    "currencyProfitLossRealizedIncludeIncomeCode": null,
                    "currencyProfitLossUnrealizedAmountCode": null,
                    "currencyProfitLossUnrealizedIncludeIncomeCode": null,
                    "currencyTypeCode": "ACCOUNT",
                    "estimatedYieldPercent": null,
                    "forecastIncomeAmount": null,
                    "incomeCurrentPurchasePeriodAmount": null,
                    "incomeProductAmount": null,
                    "liabilityMarketValueAmount": 0.000,
                    "productHoldingBookValueAmount": null,
                    "productHoldingMarketValueAmount": 99921212.097,
                    "profitLossRealizedAmount": null,
                    "profitLossRealizedIncludeIncomeAmount": null,
                    "profitLossRealizedIncludeIncomePercent": null,
                    "profitLossRealizedPercent": null,
                    "profitLossUnrealizedAmount": null,
                    "profitLossUnrealizedIncludeIncomeAmount": null,
                    "profitLossUnrealizedIncludeIncomePercent": null,
                    "profitLossUnrealizedPercent": null
                },
                {
                    "assetMarketValueAmount": 91254131.909,
                    "balanceMarginAvailableAmount": null,
                    "currencyAssetMarketValueCode": "CNY",
                    "currencyBalanceMarginAvailableAmountCode": null,
                    "currencyForecastIncomeAmountCode": null,
                    "currencyIncomeCurrentPurchasePeriodCode": null,
                    "currencyIncomeProductAmountCode": null,
                    "currencyLiabilityMarketValueCode": "CNY",
                    "currencyProductHoldingBookValueAmountCode": null,
                    "currencyProductHoldingMarketValueAmountCode": "CNY",
                    "currencyProfitLossRealizedAmountCode": null,
                    "currencyProfitLossRealizedIncludeIncomeCode": null,
                    "currencyProfitLossUnrealizedAmountCode": null,
                    "currencyProfitLossUnrealizedIncludeIncomeCode": null,
                    "currencyTypeCode": "CNY",
                    "estimatedYieldPercent": null,
                    "forecastIncomeAmount": null,
                    "incomeCurrentPurchasePeriodAmount": null,
                    "incomeProductAmount": null,
                    "liabilityMarketValueAmount": 0.000,
                    "productHoldingBookValueAmount": null,
                    "productHoldingMarketValueAmount": 91254131.909,
                    "profitLossRealizedAmount": null,
                    "profitLossRealizedIncludeIncomeAmount": null,
                    "profitLossRealizedIncludeIncomePercent": null,
                    "profitLossRealizedPercent": null,
                    "profitLossUnrealizedAmount": null,
                    "profitLossUnrealizedIncludeIncomeAmount": null,
                    "profitLossUnrealizedIncludeIncomePercent": null,
                    "profitLossUnrealizedPercent": null
                },
                {
                    "assetMarketValueAmount": 12887821.350,
                    "balanceMarginAvailableAmount": null,
                    "currencyAssetMarketValueCode": "USD",
                    "currencyBalanceMarginAvailableAmountCode": null,
                    "currencyForecastIncomeAmountCode": null,
                    "currencyIncomeCurrentPurchasePeriodCode": null,
                    "currencyIncomeProductAmountCode": null,
                    "currencyLiabilityMarketValueCode": "USD",
                    "currencyProductHoldingBookValueAmountCode": null,
                    "currencyProductHoldingMarketValueAmountCode": "USD",
                    "currencyProfitLossRealizedAmountCode": null,
                    "currencyProfitLossRealizedIncludeIncomeCode": null,
                    "currencyProfitLossUnrealizedAmountCode": null,
                    "currencyProfitLossUnrealizedIncludeIncomeCode": null,
                    "currencyTypeCode": "USD",
                    "estimatedYieldPercent": null,
                    "forecastIncomeAmount": null,
                    "incomeCurrentPurchasePeriodAmount": null,
                    "incomeProductAmount": null,
                    "liabilityMarketValueAmount": 0.000,
                    "productHoldingBookValueAmount": null,
                    "productHoldingMarketValueAmount": 12887821.350,
                    "profitLossRealizedAmount": null,
                    "profitLossRealizedIncludeIncomeAmount": null,
                    "profitLossRealizedIncludeIncomePercent": null,
                    "profitLossRealizedPercent": null,
                    "profitLossUnrealizedAmount": null,
                    "profitLossUnrealizedIncludeIncomeAmount": null,
                    "profitLossUnrealizedIncludeIncomePercent": null,
                    "profitLossUnrealizedPercent": null
                }
            ]
        },
        {
            "holdingBalanceTotalTypeCode": "CASH",
            "marginAccountIndicator": false,
            "portfolioTotalCurrencyGroupInformation": [],
            "portfolioTotalMultipleCurrencyInformation": [
                {
                    "assetMarketValueAmount": null,
                    "balanceMarginAvailableAmount": null,
                    "currencyAssetMarketValueCode": null,
                    "currencyBalanceMarginAvailableAmountCode": null,
                    "currencyForecastIncomeAmountCode": null,
                    "currencyIncomeCurrentPurchasePeriodCode": null,
                    "currencyIncomeProductAmountCode": null,
                    "currencyLiabilityMarketValueCode": null,
                    "currencyProductHoldingBookValueAmountCode": null,
                    "currencyProductHoldingMarketValueAmountCode": "HKD",
                    "currencyProfitLossRealizedAmountCode": null,
                    "currencyProfitLossRealizedIncludeIncomeCode": null,
                    "currencyProfitLossUnrealizedAmountCode": null,
                    "currencyProfitLossUnrealizedIncludeIncomeCode": null,
                    "currencyTypeCode": "LOCAL",
                    "estimatedYieldPercent": null,
                    "forecastIncomeAmount": null,
                    "incomeCurrentPurchasePeriodAmount": null,
                    "incomeProductAmount": null,
                    "liabilityMarketValueAmount": null,
                    "productHoldingBookValueAmount": null,
                    "productHoldingMarketValueAmount": 99904504.000,
                    "profitLossRealizedAmount": null,
                    "profitLossRealizedIncludeIncomeAmount": null,
                    "profitLossRealizedIncludeIncomePercent": null,
                    "profitLossRealizedPercent": null,
                    "profitLossUnrealizedAmount": null,
                    "profitLossUnrealizedIncludeIncomeAmount": null,
                    "profitLossUnrealizedIncludeIncomePercent": null,
                    "profitLossUnrealizedPercent": null
                },
                {
                    "assetMarketValueAmount": null,
                    "balanceMarginAvailableAmount": null,
                    "currencyAssetMarketValueCode": null,
                    "currencyBalanceMarginAvailableAmountCode": null,
                    "currencyForecastIncomeAmountCode": null,
                    "currencyIncomeCurrentPurchasePeriodCode": null,
                    "currencyIncomeProductAmountCode": null,
                    "currencyLiabilityMarketValueCode": null,
                    "currencyProductHoldingBookValueAmountCode": null,
                    "currencyProductHoldingMarketValueAmountCode": "HKD",
                    "currencyProfitLossRealizedAmountCode": null,
                    "currencyProfitLossRealizedIncludeIncomeCode": null,
                    "currencyProfitLossUnrealizedAmountCode": null,
                    "currencyProfitLossUnrealizedIncludeIncomeCode": null,
                    "currencyTypeCode": "ACCOUNT",
                    "estimatedYieldPercent": null,
                    "forecastIncomeAmount": null,
                    "incomeCurrentPurchasePeriodAmount": null,
                    "incomeProductAmount": null,
                    "liabilityMarketValueAmount": null,
                    "productHoldingBookValueAmount": null,
                    "productHoldingMarketValueAmount": 99904504.000,
                    "profitLossRealizedAmount": null,
                    "profitLossRealizedIncludeIncomeAmount": null,
                    "profitLossRealizedIncludeIncomePercent": null,
                    "profitLossRealizedPercent": null,
                    "profitLossUnrealizedAmount": null,
                    "profitLossUnrealizedIncludeIncomeAmount": null,
                    "profitLossUnrealizedIncludeIncomePercent": null,
                    "profitLossUnrealizedPercent": null
                },
                {
                    "assetMarketValueAmount": null,
                    "balanceMarginAvailableAmount": null,
                    "currencyAssetMarketValueCode": null,
                    "currencyBalanceMarginAvailableAmountCode": null,
                    "currencyForecastIncomeAmountCode": null,
                    "currencyIncomeCurrentPurchasePeriodCode": null,
                    "currencyIncomeProductAmountCode": null,
                    "currencyLiabilityMarketValueCode": null,
                    "currencyProductHoldingBookValueAmountCode": null,
                    "currencyProductHoldingMarketValueAmountCode": "CNY",
                    "currencyProfitLossRealizedAmountCode": null,
                    "currencyProfitLossRealizedIncludeIncomeCode": null,
                    "currencyProfitLossUnrealizedAmountCode": null,
                    "currencyProfitLossUnrealizedIncludeIncomeCode": null,
                    "currencyTypeCode": "CNY",
                    "estimatedYieldPercent": null,
                    "forecastIncomeAmount": null,
                    "incomeCurrentPurchasePeriodAmount": null,
                    "incomeProductAmount": null,
                    "liabilityMarketValueAmount": null,
                    "productHoldingBookValueAmount": null,
                    "productHoldingMarketValueAmount": 91238873.058,
                    "profitLossRealizedAmount": null,
                    "profitLossRealizedIncludeIncomeAmount": null,
                    "profitLossRealizedIncludeIncomePercent": null,
                    "profitLossRealizedPercent": null,
                    "profitLossUnrealizedAmount": null,
                    "profitLossUnrealizedIncludeIncomeAmount": null,
                    "profitLossUnrealizedIncludeIncomePercent": null,
                    "profitLossUnrealizedPercent": null
                },
                {
                    "assetMarketValueAmount": null,
                    "balanceMarginAvailableAmount": null,
                    "currencyAssetMarketValueCode": null,
                    "currencyBalanceMarginAvailableAmountCode": null,
                    "currencyForecastIncomeAmountCode": null,
                    "currencyIncomeCurrentPurchasePeriodCode": null,
                    "currencyIncomeProductAmountCode": null,
                    "currencyLiabilityMarketValueCode": null,
                    "currencyProductHoldingBookValueAmountCode": null,
                    "currencyProductHoldingMarketValueAmountCode": "USD",
                    "currencyProfitLossRealizedAmountCode": null,
                    "currencyProfitLossRealizedIncludeIncomeCode": null,
                    "currencyProfitLossUnrealizedAmountCode": null,
                    "currencyProfitLossUnrealizedIncludeIncomeCode": null,
                    "currencyTypeCode": "USD",
                    "estimatedYieldPercent": null,
                    "forecastIncomeAmount": null,
                    "incomeCurrentPurchasePeriodAmount": null,
                    "incomeProductAmount": null,
                    "liabilityMarketValueAmount": null,
                    "productHoldingBookValueAmount": null,
                    "productHoldingMarketValueAmount": 12885666.342,
                    "profitLossRealizedAmount": null,
                    "profitLossRealizedIncludeIncomeAmount": null,
                    "profitLossRealizedIncludeIncomePercent": null,
                    "profitLossRealizedPercent": null,
                    "profitLossUnrealizedAmount": null,
                    "profitLossUnrealizedIncludeIncomeAmount": null,
                    "profitLossUnrealizedIncludeIncomePercent": null,
                    "profitLossUnrealizedPercent": null
                }
            ]
        }
    ],
    "sortingCriteria": [],
    "subPortfolioDetailInformation": [],
    "watchlistDetailInformation": []
}